id	Ann_short_1	Ann_short_2	Ann_short_3	Ann_short_4	Ann_short_5	Ann_short_6	Ann_short_7	Ann_short_8	Ann_short_9	Ann_short_10
130006D1	27.0003468473096	27.8026767043932	27.8128781756849	28.0909833098878	28.0884749033654	28.3256487820697	27.9476563462722	27.684064165158	27.3395988521972	27.1547771176691
130008D1	30.266679737749	30.6864692297766	30.8678626894357	30.8048334751668	30.8500308928636	30.788213988915	30.4469218214624	30.5552731052379	30.3446536519029	30.1488170622438
130009D1	29.5104129608824	30.0693323979765	30.150571633574	30.2619139545538	30.2325423274352	30.2017823144868	29.7248544431366	29.8865681960091	29.7492752562976	29.6290066950958
130010D1	26.2123393394548	26.4050150918661	26.4256525983463	26.5572927853508	26.1748589866206	26.2108717553942	26.1262918487734	25.9972130479805	26.1266430166003	26.3313025380598
130011D1	25.7581170566151	26.1598118244385	26.7016736481737	27.0326460031634	27.1918724708575	26.9050922132594	26.7477688169671	26.810828866544	26.8374012142557	26.8580822226515
130012D1	26.1936634146944	26.9279912712941	27.2215379720986	27.1500733238003	27.1359313013715	27.0872146535479	27.0438979515904	27.0642859076634	26.9426507396215	26.8433386959403
130013D1	30.37425293719	30.7400957089716	30.930048050399	31.0541607283625	31.025136273105	31.0275007871234	30.7056634250699	30.8335213573499	30.6736618459833	30.4123881188826
110002T1	29.9742539415435	30.416505209086	30.5648743883773	30.4957717957016	30.5755219496456	30.5015463124399	30.0111362399921	30.2358987690611	30.0938900590951	30.0159725847159
110003T1	30.3305794022762	30.7215744965087	30.9290889962836	30.8935093903911	30.9540713127039	30.9152353993188	30.5660949134869	30.7253806455553	30.6056601020277	30.3311239919789
110004T1	30.6486023188151	30.9865809174526	31.1416500762555	31.1608477713156	31.0905052118884	31.0782629478721	30.6642750562745	30.7786016592694	30.3597388731652	29.9429075088137
110005T1	28.7332769282406	29.1662269286685	29.1979122109988	29.2339742443875	29.0148716787805	29.1238820623837	29.069215589669	28.384264804404	28.819632758015	28.4974664157776
110006T1	27.6163171897458	27.7759284346691	27.9482337693343	27.9761418284037	28.0959151145008	28.0636304369756	27.7474379270619	27.8110561078322	27.757719001039	27.8937199815296
110007T1	27.4880746239961	27.8944116392619	27.9811024961419	27.9398343409789	28.0621337015058	27.9212598745664	27.7434620975433	28.1427518038354	27.5871246742155	27.5828800491855
110008T1	26.7356995905075	27.2643566830966	27.1908425127533	27.6514779353884	27.3905320735135	27.1198801711615	27.050273757759	27.3037693757739	27.2486401051853	27.106366170348
110009T1	26.9230904153999	27.5149446687427	27.6134608048219	27.7053069248581	27.951781377439	27.6948581780437	27.5749698931964	27.5894609403135	27.5494971911387	27.4443549843203
1100011T1	30.1951312091448	30.688588813053	30.9034418137562	31.0986132425949	31.1254462264364	31.2590866084771	30.9451098347657	30.8513718682027	31.1141393835537	30.8976315829311
130001D1	27.8784748437806	28.4453931527876	28.6750571173532	28.8561947551589	28.8128944330702	28.7926153695127	28.7675763959027	28.6762008800278	28.6913894684367	28.471843914857
130002D1	27.3260312639345	27.6720756388286	27.9259029611712	28.0461339897722	28.1361767998302	28.1014993279442	27.7943322915411	28.0392599616713	28.0482870271485	27.8543106263792
130005D1	28.9942893364892	29.532100993941	29.7069377495531	29.8860653630516	29.8701860305534	29.9283967594777	29.6356931485578	29.6254366718783	29.6106937896236	29.2499388386801
120003B1	28.199525653727	28.6267274010414	28.753732355493	28.8648454105819	28.7991565754545	28.7217746825468	28.5536500336351	28.3954785194032	28.4621716478017	28.0570748432775
120007B1	29.2290580704852	29.6772653407204	29.7824869571632	29.8084115447814	29.6795519221664	29.687065759743	29.2012014021772	29.480569170804	29.2525595684467	28.9882012065096
120008B1	27.9990029300807	28.3284642226012	28.4961274306888	28.5398592467136	28.4238417645611	28.2930019747132	28.0643013047568	27.919994540813	27.7327486513733	27.1368161025376
120012B1	28.0723983400972	28.7803350419704	28.9261186299701	28.9986228888216	28.9226448427357	28.9370010998294	28.5742220279366	28.5664263281754	28.6496978604135	28.4240374536453
120017B1	26.5862045978521	26.8503627873961	27.0946841011625	27.3474644823304	27.2257851367398	27.1134026863942	27.118651087861	27.2857692744335	27.2661365160993	27.3015898469528
120018B1	28.7762743337361	29.0768637183329	29.2119708915119	29.3449042712495	29.1035263736169	29.1718860045428	29.091781087892	28.8348547592479	29.1076206070299	28.6873133389969
120019B1	27.8930182637224	28.0366795426509	28.0273104232069	28.1697632441143	27.9311737878549	27.890341321237	27.8656680068531	27.6232840014552	27.6417910160758	27.4443549843203
120020B1	28.8073179207442	29.1796184144312	29.2773330505343	29.4261526250321	29.3821262606326	29.331977175808	29.0413434393132	28.9907269741948	28.9591506730524	28.7810665999936
220022B1	29.6479593588219	29.90001800042	29.995471518267	30.0211891961281	29.86350767866	29.7702950244382	29.3414032143158	29.4975489979472	28.4314321644262	27.847026134071
220024B1	26.8652592242764	27.2643566830966	27.2810586007552	27.4991529828717	27.5113167143991	27.3308555122275	26.9785806767502	26.7939333730443	27.1134226352608	27.1247144672786
220025B1	26.5862045978521	27.2311931042232	27.4306078347128	27.4484243152662	27.1287866440089	27.1391495053673	26.8459195053322	26.8684483420753	26.7238834282415	26.3098769044803
220026B1	27.2825077508706	27.5423299384624	27.6815261107516	27.9109518285887	27.6382056610795	27.6406650724867	27.2850863151971	27.4128219809911	27.1515719698462	26.7750277457866
220027B1	27.8637833212926	28.2356239858775	28.1987764732594	28.4247444264204	28.1469686362814	27.9440450649122	27.8656680068531	27.6516556725445	27.1887404382047	26.9155698403696
220028B1	29.3894624066389	29.7483158907311	29.8593173817833	29.9061583156639	29.7950012822176	29.7680115366498	29.384018839369	29.254852643721	28.9023336348542	28.4433538361757
220029B1	27.2957032243322	27.599967065896	27.7252020613683	27.7847491083223	27.3965143141228	27.3642692623435	27.1307506347334	27.1792840886513	26.706913714979	26.277119041498
220030B1	27.2146569223482	27.3285160643753	27.6410687708959	27.7618328958712	27.7456242640519	27.3081667711793	27.1367634832386	27.4017242173691	27.0609385239801	26.7195246391305
220031B1	28.460022680089	28.8997863127383	28.9671327188674	29.2880892490408	29.2679272226529	29.1969952448337	28.9942592422591	29.0090754932096	28.9840958479905	28.7073629089594
320038B1	31.8640601681366	32.3782683517021	32.5772626498601	32.6838919924489	32.7290646961737	32.8040086681535	32.4593420682496	32.4708548399775	32.4358810800998	32.2317731669444
320039B1	32.2883643904046	32.6778574895034	32.8310117000392	32.8865139373357	32.9291177152921	32.9894060508563	32.5185068727822	32.6149101557424	32.4020656428548	32.1639871992143
320040B1	32.4572728846043	32.9473302041961	33.1025273357003	33.0890199146255	33.140941931947	33.1469819392849	32.5776681811187	32.6488875984451	32.0250777718717	31.5553229114104
320041B1	33.1117496936386	33.5795981560703	33.722695304532	33.7518985582658	33.8238442254932	33.9129524176318	33.4287532255434	33.4603007043278	33.3352269521097	33.0255619959681
320042B1	31.4491149393346	32.0258334243781	32.1038113033689	32.136963310662	32.0871541661637	32.0523856567367	31.4952118066367	31.5920298261024	30.9717440242469	30.4319969045586
320043B1	33.5094399101818	33.9182264344577	34.0887333604208	34.1799646136348	34.2575673428069	34.4136062149361	34.0017676038298	34.0439910683127	34.2619307447146	34.2353862589671
320044B1	31.8642447031894	32.1973537810697	32.4135638931824	32.3952007568601	32.4204768803611	32.4186087337576	31.9322482851593	32.0716886538399	31.8492489180087	31.5683594917968
320045B1	31.0082171781184	31.4940729360118	31.647588951136	31.8994436147996	31.8373583790812	31.9216453568738	31.7145603887706	31.7693833962866	32.0555800958794	32.0847244240354
320046B1	31.1932227850017	31.6090114562844	31.7456927542535	31.8618588569037	31.8475257242679	31.9391303474067	31.5438351383487	31.6753109270193	31.7271351903349	31.6893725337151
320047B1	32.1118662640663	32.5464814834648	32.4740845092681	32.5355036981547	32.3095272880698	32.4656646457686	32.2448868085202	31.6308854455475	31.6532233880079	31.2489213077628
320048B1	32.3796203289519	32.7725639175363	32.9038919934162	33.0158997290943	33.0599369534658	33.1517316492589	32.7460748788358	32.8044339819109	32.9092589435582	32.8102985788817
320049B1	31.6373089388001	31.9734083995721	32.1140752872553	32.1419027669553	32.1495187456409	32.1210313612332	31.7377222532859	31.7532229147054	31.5216768487634	31.2690139939298
320050B1	33.0622597806619	33.4737446399258	33.6444325985421	33.6416735847004	33.71396470382	33.7968743883808	33.313044261436	33.4047297139451	33.2911880535212	33.1080484144476
320051B1	33.4565081214635	33.9188121097404	34.0549434222563	34.0383645901465	34.1354509279287	34.2193527171604	33.7052921500449	33.7614798660431	33.6882569533017	33.4770917771911
320052B1	31.6175218541381	32.0217845063291	32.1713231918987	32.1665707147695	32.1840031818818	32.1659328775448	31.7302209406948	31.8315002192832	31.5050926767714	31.2575202340917
320053B1	31.5692123222337	31.9440030752701	32.0462556760051	32.0721089519082	32.0625994885603	32.0262833078155	31.6319474368435	31.7225623857057	31.4435698646237	31.1955145353131
420054B1	32.6297848766966	33.0560650609974	33.164230356209	33.259202834039	33.2801190676818	33.2972098573305	32.838518285934	33.0303716677386	32.8626749150943	32.6544211108921
420055B1	31.9683431796122	32.3927567629731	32.5816008897581	32.678796488097	32.70647673817	32.7380500104438	32.3727034341295	32.4927317625443	32.5337358670487	32.436988493925
420056B1	31.9787777042897	32.45059551672	32.578813501119	32.6924980745716	32.7246066642582	32.7906318230967	32.3779122098237	32.5523993740844	32.4831259384885	32.3183282957981
420057B1	32.8281374922505	33.233230500089	33.4033728571701	33.44364833924	33.4930223506791	33.6102653732705	33.1407622871284	33.1989726457771	33.0086707181535	32.7763563642823
420058B1	29.7141573288191	30.1494798000797	30.3238118294333	30.524829939281	30.5844319873083	30.5529883659363	30.253799063148	30.3160261755455	30.1470113159139	29.9236153783517
420059B1	30.7407337746961	31.2737580847077	31.5195459652362	31.6193376563942	31.7057092983779	31.7000472375679	31.2277836203915	31.4551455859146	31.2036069353574	30.9685006644126
420060B1	30.7547367483089	31.4003224304081	31.6035257166517	31.7154449806079	31.8055343216701	31.8194924431073	31.3976046883902	31.5752697733485	31.3883814840141	31.2449349202101
420061B1	31.070000375601	31.5168292587669	31.7260919731222	31.8089560053166	31.8285872156797	31.8786169047666	31.443631521585	31.6067988607859	31.3860356106515	31.1248926351904
420062B1	31.9253030704161	32.3495378818939	32.5358725429937	32.5762526636914	32.6040305874373	32.6067601723492	32.1468923309244	32.3081834024282	31.9207301734689	31.6075383846431
420063B1	32.8372846187139	33.3077403781749	33.4524211764566	33.5079499841656	33.5354325613982	33.6169990794638	33.1271458213253	33.2292032231213	33.0100892497352	32.7870508244247
420064B1	31.8727079005617	32.6142810234699	32.7314447744868	32.8148170813009	32.8616859561062	32.9797997354595	32.5315301471704	32.519220778158	32.592276291626	32.432819538446
420065B1	31.8794794107115	32.722339210617	32.8122418127233	32.9083254922385	32.9447141920796	33.0996880592854	32.6097218669831	32.5958824274022	32.7639707994647	32.6078556251191
420066B1	32.0659146662826	32.7652546616052	32.900165169969	32.899454344104	32.890883277128	32.9628066786646	32.4446705198906	32.4395902248333	32.041582024805	31.6421486858454
420067B1	32.2811953621187	32.7147747157451	32.8916823252148	32.9959098135456	33.0037834205555	33.1116494619421	32.6786212049779	32.8016914193972	32.7704216785392	32.5883799701054
420068B1	31.630381737959	32.0948367501247	32.2236463717743	32.3526214884513	32.3543011427148	32.4611610044918	32.0288296846188	32.0734243331621	31.965220750668	31.7101328494623
420069B1	31.8611043926415	32.2688514980288	32.3897650123985	32.48369615889	32.498938385761	32.5160515297627	32.1246391409237	32.2594780502851	32.1878055826327	31.9763498004085
520070B1	30.6567217732372	31.234871028445	31.4256685907306	31.5170832790157	31.6166733524194	31.6769623909867	31.2049724537915	31.3094013003555	31.1406121843594	30.9308128707804
520071B1	28.9996750451829	29.5239246064179	29.6846144015473	29.8504901606477	29.9700007893508	29.9045503627433	29.5838603050687	29.7208141813742	29.4726054055907	29.3227280085882
520072B1	29.7263905426554	30.2768417467225	30.4234329625896	30.5989313643746	30.5980351942992	30.5536718050524	30.188215570219	30.3299287642049	30.0007724093708	29.756185387746
520073B1	32.3275712100578	32.7822532832015	32.9232420707	33.0299244115926	33.0037834205555	33.0637604564192	32.6328037422531	32.7195178910446	32.5372191344304	32.2009154626172
520074B1	32.7024905056766	33.1407670346843	33.3137844702629	33.4046434765541	33.4443761463279	33.501562739214	33.0797163408296	33.2010541159561	33.0729418191665	32.8885289356712
520075B1	31.3577022592939	31.7929240243597	31.960056278297	32.1463786024921	32.166862032038	32.1673595735604	31.8175655476043	31.9415884103485	31.9041848854641	31.7348390576715
520076B1	32.8947807619946	33.2890599670266	33.4500331019049	33.5024438987762	33.5423987785913	33.6121131774134	33.146545025495	33.2480195510744	33.0217122807581	32.732403782474
520077B1	32.7891122589782	33.2354713669071	33.4255879253999	33.5341429222438	33.5908792043341	33.680370514545	33.2442453485692	33.3356954063439	33.2943273700586	33.1122456340585
520078B1	32.0750315056383	32.5454365198282	32.7265498747946	32.8460194917544	32.9311975891492	33.0165050333898	32.6095736877764	32.7043522402331	32.7082128653663	32.6482505346198
520079B1	32.6363908331037	33.3873383109677	33.5099052477709	33.6396838479135	33.7204603692121	33.921573084815	33.4211549455817	33.4177390057733	33.6445516553929	33.5368981130284
520080B1	32.766582700452	33.5445761422305	33.6656474303541	33.6201997672765	33.5744188517839	33.6466229369904	33.100488058586	33.0844331010059	32.4053835819644	31.7350745406726
520081B1	31.4335301191281	32.293881361423	32.3950482077028	32.5690954413702	32.5827616838965	32.7083146933867	32.2747355878616	32.2941161389255	32.4678131044537	32.3304499904747
520082B1	31.7368086192109	32.1109897991147	32.3323721226471	32.4259185183055	32.446520702616	32.487793177546	32.0710189536472	32.2025399218421	31.8204811383942	31.5799645641155
520083B1	32.7802404072112	33.191625542273	33.3236836098466	33.3121899514093	33.3221385261643	33.2566223952523	32.7701985092987	32.8251598412284	32.0560021712362	31.5694184310046
520084B1	31.5001185174854	31.9126176032968	32.1337587814319	32.1973114634919	32.2600708384573	32.2938818364066	31.8751664368972	32.052016644681	31.8431498648803	31.7320102078
520085B1	30.8676543510039	31.4100688748303	31.5417864836208	31.6254348976293	31.7015590647258	31.7122607098251	31.3487090896378	31.3739302289848	31.1595651447172	30.9191410217605
620087B1	31.8905743213552	32.4917512608626	32.683185223044	32.8090323857759	32.8700873615719	32.9544517657627	32.5025029848602	32.5752234116467	32.4813975629919	32.3111307358629
620088B1	30.7717563933647	31.3102551091166	31.5128072192856	31.6391398152119	31.6832223513071	31.6955228153794	31.3035274315492	31.4292584377844	31.4023773438456	31.2657395560947
620121B1	33.0695603161051	33.7446181898284	33.9076998735659	34.0209659211022	34.1580659318935	34.3193897989346	33.8058330253714	33.8886190240471	33.8827902614364	33.7502370029104
620122B1	32.9105024215405	33.2907680500759	33.4311325234848	33.4768247882519	33.5005682530822	33.6046157305757	33.1342295593469	33.2220953888228	33.1096469173523	32.9445191582378
620123B1	32.8146413830373	33.2219745309141	33.3779477615248	33.4321119922864	33.4981200789242	33.5735898788788	33.0934540913637	33.1637291556172	33.0761753514329	32.8412902495332
620124B1	31.0969466826703	31.6901345720219	31.8189607070708	31.8989135031112	31.8886329567874	31.9324929683314	31.3959220526456	31.5920298261024	31.2555527660241	31.0698947101997
620125B1	31.4260491843419	32.0089245850068	32.1348095556741	32.173824092485	32.1154132213399	32.1136639961068	31.5885475067414	31.6875535601244	31.0026795818569	30.5621545980204
620126B1	32.689323165248	33.1790752605734	33.343190992102	33.4078252705399	33.4810584838632	33.577561765651	33.1461327219063	33.2058992044084	33.1746432385405	32.9804914562151
620127B1	32.7100050954801	33.1839150069669	33.3164994001373	33.3947729652705	33.4293443941493	33.5582679478671	33.0866011701233	33.161694751564	33.0374224898656	32.8635663224592
620128B1	33.8394685104464	34.2719222069129	34.3982543001013	34.3798087199258	34.3549776541156	34.4325061852234	33.8724731774512	33.8901538577081	33.2372155805784	32.6790804686798
620129B1	31.2366327906614	31.7087430273933	31.8301324404538	31.9702931501726	31.9739426911039	32.0503343260316	31.7210607456275	31.8335509221929	31.8207294582012	31.7381322670898
620130B1	29.7255782143451	30.1263581488961	30.0384685584164	30.1438787530966	29.895509080989	29.9629800193777	29.7871166985289	29.2206355308683	29.024165212362	28.5226342254018
620089B1	32.8017887809653	33.2767752735241	33.4189762553362	33.5220130629066	33.6217852120517	33.7358630090786	33.3057514978847	33.29535712366	33.3168196428021	33.0381134264193
620090B1	31.3847105692978	31.7778817011371	31.9496004112845	32.0337360565172	32.0124837520526	32.1055186560646	31.7840214890915	31.6510904034345	31.7994685144174	31.569683042316
620091B1	31.1867447067839	31.6414479507674	31.8453233295223	31.867559159262	31.853015845943	31.8572220408018	31.5471826732684	31.5989811082645	31.5305052626348	31.3039044327917
620092B1	31.4124849628575	31.8147107834565	32.0089532269317	32.0359081790615	31.9989653278378	31.9845340138174	31.6305115316304	31.7192382503569	31.3127705852826	31.0243850327734
310001T1	33.0075907999558	33.3588830189408	33.4806939723691	33.4338574977121	33.4880966706226	33.4993774134301	33.0694371975716	33.1910155420004	33.0120510753716	32.7532300927177
310002T1	33.0467341734476	33.4142613513184	33.5710377968815	33.6425482031898	33.6701068924973	33.7117461186991	33.3133204942074	33.4077357130075	33.1367766654533	32.8721473590871
310003T1	32.726035205299	33.0703346443314	33.2118220006086	33.1711170173797	33.2169187947468	33.2777980134303	32.7815867674829	32.8708543029976	32.7169219560826	32.4482835333852
310004T1	32.642105979016	33.0952852070564	33.2873084099335	33.3323216705449	33.363816966157	33.4617405769494	32.9794570546778	32.9239349510034	32.6548269218219	32.3239358002812
310005T1	33.1965608723735	33.5244881386692	33.6398676024814	33.5362830380053	33.5856496670527	33.626632806451	33.1660999017912	33.2344385766879	33.0365660632794	32.7521960083992
310006T1	32.5633708696236	33.0046716842404	33.1869941011521	33.1871010227807	33.1985493266138	33.2155259911985	32.7083035947758	32.737125439802	32.447676906756	32.1499972309582
310007T1	32.2125567710757	32.5716332780054	32.7193878053945	32.6983089121241	32.7228515907513	32.7512444227824	32.2327000377327	32.3222969028421	32.0033585273972	31.7990677391131
310008T1	32.2971391841569	32.6629091838578	32.8278783083726	32.8572756998639	32.8548425415114	32.9027522083958	32.4346967946516	32.5212872180729	32.2196205146838	31.9931335719339
310009T1	33.5695801654007	34.0146862555975	34.1904400464395	34.2773979780843	34.3492829558459	34.4583035175142	33.9516852269212	33.9713904983538	33.8379710905772	33.6250518717066
310010T1	33.6057884285279	34.0958289420709	34.2709018711206	34.306529478378	34.4050070547728	34.561717425815	34.0372313425846	34.1308110794751	34.1238683120565	34.0035487429156
310011T1	33.2309554822545	33.7661531750373	33.978042472222	34.0827282103648	34.1733288580299	34.2704298236191	33.7812139990864	33.8553121827371	33.6685419719257	33.4507881866763
310012T1	32.8999203685135	33.3947224884616	33.6322023048249	33.7518248529632	33.8049191775392	33.9014584246379	33.4610964098879	33.5129284943615	33.3683767675593	33.2105886964629
310013T1	33.1508505523212	33.6156766329219	33.789824099529	33.8784279185938	33.9465793036606	34.0745018514172	33.6170358990954	33.695297263856	33.5960700057367	33.4382308417454
310014T1	32.9470271806861	33.3002610281482	33.437172919883	33.4953337319686	33.4667839877101	33.553286244639	33.1370328346336	33.2052080467692	33.0618302582398	32.8391297655095
310015T1	32.8312559146574	33.1534506037255	33.278887239741	33.2543260381167	33.2771651086152	33.2596488964181	32.7733854609608	32.9193647520648	32.7391915349701	32.5535082764312
310016T1	31.9692013137327	32.4286064440177	32.613733290252	32.730007454987	32.7190150541034	32.7662543849021	32.35608687583	32.4731561081939	32.2810434032102	31.9984235891201
320001D1	32.8869914488191	33.0305397824554	33.0690086664505	33.2299039496922	33.1209833309929	33.2210220865322	33.0280375088104	32.7549253485526	33.0185713333496	32.7120949905244
320002D1	32.5579050308142	32.6539220114272	32.6781255747495	32.8335635213455	32.6761391084302	32.7926852941629	32.6021457305063	32.3547593699699	32.6499380585011	32.3783754692742
320003D1	32.5195218418859	32.686564021132	32.7357665976891	32.9183229132233	32.7254037331055	32.8537987813092	32.7069167911514	32.3852841449234	32.632483245562	32.3070463342299
320004D1	32.2484864438173	32.3321982805161	32.3239067619013	32.5293426491482	32.3588067089369	32.4633165759972	32.2712002893363	32.0738579261161	32.2396429755434	32.0268836827575
320005D1	31.5967934373586	31.7786374919002	31.7974166345262	31.9748283218091	31.8984531013164	31.9705404373956	31.8145242749968	31.390056126773	31.8009795867468	31.4688116408242
320006D1	30.9954691794531	31.1441889721517	31.1825428748771	31.3294149744932	31.2339204780936	31.2543421760467	31.1153384325645	31.0227189146673	31.1326411911736	30.8727667459257
320007D1	31.0191971518626	31.2623430727953	31.3869211082147	31.4732871041174	31.4046386844243	31.4642973145357	31.2807721544507	31.241456209942	31.3010799814607	31.045600549639
320008D1	30.8724327083737	31.1226840083533	31.2379347222357	31.3465999543892	31.2630676582642	31.2685315086912	31.1383616496391	31.0109718371207	31.1473531441577	30.9299823452496
720095B1	32.4535983186898	32.9130967199949	33.0493756176964	33.1141988457403	33.1567160657676	33.2187543559702	32.7729874674387	32.8180689425463	32.6870944640679	32.4727084818124
720096B1	32.6228213666189	33.0574350809407	33.2123243230855	33.2501625925618	33.2838304480804	33.3496289851399	32.9100012091854	32.9723434349654	32.782854886591	32.5476784358876
720097B1	32.8851739372678	33.324869756447	33.4436171671769	33.5103033388327	33.5055461767936	33.6248024873228	33.224237360486	33.1643389164717	33.1263481214965	32.8399943540861
720098B1	31.9242414195133	32.3588947493077	32.5073414287728	32.571596167985	32.5751913498743	32.6129871623817	32.2035424644276	32.1973768635105	32.1008759592925	31.7968151963768
720099B1	30.9214951998841	31.1979215569679	31.1560931713703	31.2457116106518	31.0591738339674	30.9986669654354	30.9423668216699	30.4981143197925	30.1744091453271	29.4846944655607
720100B1	31.7083100127241	32.1400182925226	32.2171083026746	32.2801075536383	32.1842334563887	32.1388116235954	31.7226813796035	31.7739294002475	31.1955941413697	30.6887703982457
720101B1	31.486517090686	31.9254348006636	32.0500453666021	32.1295223791151	32.119509391389	32.1766007698989	31.7557828482903	31.7588997481116	31.6745332171552	31.3213482275221
720102B1	31.2693298284808	31.706363693746	31.7859908049343	31.8249471525471	31.745649470118	31.7451963216816	31.353568105127	31.2682617730396	30.829139948669	30.3107019474273
720103B1	32.9366228746476	33.3743258806426	33.5218994690181	33.5840729196668	33.6092559900306	33.7016783198937	33.2482916311426	33.3266470187164	33.198869106495	32.935356442657
720104B1	32.5931796788396	33.0498311469608	33.1782807569444	33.2568183696316	33.2875324863603	33.3765803220885	32.9556106648863	32.9707170345342	32.9380882756875	32.7185831275353
720105B1	31.4901088644273	31.9210986490013	32.0390953511514	32.0481556850325	32.0525609429071	32.0168706521423	31.622444592052	31.6798785003276	31.3092379506279	30.8989059143643
720106B1	32.152022476297	32.6035553544802	32.6933955435729	32.7118279009172	32.7077676498597	32.7153048681787	32.2963212559471	32.2478082801543	31.9114321844785	31.4360499124728
720107B1	31.266819337637	31.7221535055894	31.8981454065856	31.9581294321117	31.998181614633	32.0940916107846	31.6391061213624	31.7701866764311	31.7505215677346	31.5635844568385
720108B1	30.6352558952917	31.0976573405223	31.1789090570908	31.2602087016991	31.2767874684403	31.2290795234331	30.9132537248549	30.8624799132262	30.8330786427754	30.4478412274068
820109B1	34.9885554861301	35.4674483253541	35.6126013018703	35.6310752970874	35.7354883861177	35.9098017284872	35.4032345939637	35.4459779745747	35.4248326589601	35.2520747241631
820110B1	32.9176327979784	33.3676056100049	33.4914367845021	33.5456621394758	33.5954729217785	33.6654635286334	33.2721502016763	33.3125086155661	33.2706601664898	33.0281190322577
820111B1	32.7174807466466	33.2097772552711	33.3096556035682	33.3634985861186	33.4123603628445	33.4961931683207	33.0828400015298	33.1222751939644	32.9961713029631	32.7191714890526
820112B1	32.7746553949843	33.2414303306424	33.4194993190034	33.4297199899977	33.5460519982131	33.6339322379353	33.199487024961	33.3299109957221	33.3439972126799	33.2145765426703
820113B1	32.5928456443299	33.0753380100219	33.2472604966521	33.3193623496128	33.3950768300676	33.5016619979852	33.0838080732914	33.1745646356383	33.1780458031308	33.0465442963065
820114B1	32.2025208441426	32.6459953850638	32.7999040654582	32.9383715715974	32.967329994231	33.072460433112	32.6793281659569	32.7221451655461	32.7166547649084	32.4953429816742
820115B1	34.2695562551663	34.7469481442765	34.9054649388886	34.9749624469868	35.0693670996683	35.255480755936	34.7924488972026	34.8768002656548	34.9304366063684	34.8157180051226
820116B1	33.5411801895716	33.9994686475526	34.1228364301383	34.2302425823433	34.2743404463418	34.4118017819062	34.0900525304733	34.1291489370535	34.1582354225916	33.9480618880295
820117B1	34.1653567403888	34.6312959107058	34.7887576041843	34.852729089737	34.9483139331498	35.1166548334374	34.6286602180393	34.7137340180598	34.7158819103311	34.5747531211188
820118B1	33.6727985280891	34.4395085178202	34.5276804413579	34.5922648557327	34.6412858611699	34.8453247170021	34.2778632959743	34.2940589621149	34.3812063821199	34.2046807486562
820119B1	33.4517268201872	33.9154706241765	34.0882923431692	34.159698866148	34.2697747626373	34.3994417087642	33.9441325641918	34.0490550297119	34.0691898436404	33.9571832883249
820120B1	31.2406185318393	31.7005312464046	31.8631438264211	31.9386587055386	31.9744738944091	32.0343424481503	31.6026682542904	31.7469796294613	31.6835707136063	31.5258861038722
930001D1	33.5651030864167	33.9573579746434	34.1220285082214	34.0745534832951	34.193318636882	34.3253647675939	33.8591668573258	33.896582344177	33.8775326359239	33.6245548656806
930002D1	33.9740188304598	34.3723391356151	34.5240029687784	34.4892447491893	34.6196419863328	34.7705645215085	34.2838453613715	34.3209641801683	34.3858460366062	34.2288274554477
930003D1	33.0091770967462	33.3985676571562	33.549349241153	33.589360111043	33.7101350789101	33.778436218342	33.3451985338058	33.4701107476154	33.3682916413146	33.1502534545969
930004D1	33.147215317874	33.5274730570351	33.6237389013219	33.6658089043275	33.6847889556173	33.8092604871011	33.4130011076547	33.3864735925311	33.2972810662478	32.9253205211962
930005D1	29.6488165751518	30.4449123600581	30.9467303380704	31.5352601543678	31.9966129342452	32.2302200718474	31.9989001905439	32.3013520404287	33.0718971995461	33.1626136493
930006D1	32.5755938150186	32.8933214349344	32.9089699861504	33.088670342309	33.0709400907	33.1646558637373	32.9060047816101	32.905809646249	32.8512775229238	32.5990478342878
930007D1	32.6159336763936	32.7872007208888	32.7467227925271	32.8930653018472	32.8651682223717	33.096715364974	32.8735144993084	32.5899884161622	32.9460904444084	32.7102019459149
930008D1	30.1636896534064	30.4690946327799	30.7398583122328	31.1621714199095	31.3357609574135	31.5388818563464	31.3718196524699	31.4984681633609	32.0272318572153	32.0762342887168
930009D1	32.8805288924037	33.2765031245724	33.325822705318	33.4634834044648	33.4695731252418	33.6799289474826	33.4078280519777	33.1984766136107	33.3841237101423	33.2087571795737
930010D1	32.069920374767	32.3176194568488	32.2747322723966	32.3434853239464	32.1305362840117	32.346565565248	32.1927776650417	31.4282403619457	31.6015697623745	31.157815996294
310167T3	29.0459616241915	29.3153348897155	29.3889096447015	29.7993948539358	29.8790435872421	30.1331669877592	29.9816383164496	30.1641787973454	30.631890254777	30.69662687966
310168T3	29.9953006895211	30.1842399653501	30.2003961217511	30.4248774773895	30.5101561477178	30.5861225303944	30.3861971743048	30.6369677945382	30.602780109802	30.4355331934304
310169T3	29.9790333426426	30.1456514107932	30.1407286907583	30.4019449636227	30.5294344454647	30.6211707369979	30.455214978108	30.5546503194578	31.1161619579086	31.2525656795525
310144T3	27.0427042395589	27.2029723334284	27.3494219934067	27.3163790235538	27.3845254011083	27.1831883383992	26.9379590076114	27.0713109436356	26.9713664085643	27.0305028865525
310304T3	32.2092192131659	32.026258976916	32.0050552401798	32.2593833308881	32.2508572978225	32.4960573715969	32.3262367987021	31.9548345451696	32.4886116081558	32.3942932813424
310282T3	31.6971654709016	32.0997013679663	32.2354592919338	32.2589699395093	32.2041305693646	32.2651716917434	31.9478626448096	31.6824414041499	31.6242178687831	31.1274247134108
310222T3	30.2904944384789	30.3546648145288	30.171673107532	30.25532792006	29.854555773338	29.8416212285146	29.8177810982267	29.2174841630198	29.3856212200158	29.0706827615109
930011D1	33.3266675279044	33.8833110372684	34.0400319663144	34.1584193083043	34.1973076276405	34.4583035175142	33.9703407749645	33.4883161261911	33.6498161443948	33.4580040555053
930012D1	34.150075047092	34.717690216456	34.9624685422355	35.0553589348639	35.0960301949696	35.2281483868895	34.6727811314403	34.5199326670728	34.5347310549749	34.2341739518274
930013D1	34.1550989686049	34.7863696687316	35.0409809858367	35.1152928338937	35.1795585226842	35.2992615172093	34.6917138782176	34.7195733921123	34.4828276965571	34.2028220663522
930014D1	33.5383496758707	34.0130397939346	34.1811566833742	34.2458354608026	34.3340951665361	34.4901834563235	34.0007847146246	33.9820218383039	34.0178039875049	33.8396538333209
930015D1	33.145925639306	33.5565431952584	33.7317322712206	33.76056954074	33.8209717650474	33.9112831671314	33.4150652731653	33.5451036095939	33.4894831510658	33.3256772499073
930016D1	33.1884038034986	33.6591598237369	33.705956995459	33.7683875593509	33.6782168346607	33.8983991178836	33.5976409731444	33.0229926265417	33.2125865241796	32.6725302371897
930017D1	33.6060091379986	34.1408544225851	34.3627780495887	34.4977228621967	34.6147984728176	34.8524353228462	34.3499723904042	34.0387432108818	34.1495835740569	33.9003264086781
930018D1	32.9817998585482	33.3605974235966	33.4672588111966	33.5643238820013	33.4944401596075	33.6986275495536	33.351313037736	33.08066896728	33.3410507844145	33.0952012252127
930019D1	33.0839722579306	33.4719193562495	33.532909111787	33.5901020759662	33.5316607236874	33.6695596824831	33.278856433214	33.1240526154196	33.0275428193082	32.7105570842969
930020D1	27.3260312639345	27.680330609747	27.6859529577205	27.7525638573413	27.4721470539494	27.2909263849456	27.3012811564171	27.1922284805558	27.1578334549326	27.1001969392157
101001T1	32.7250194731904	33.1753863448439	33.2741770451032	33.3634021967355	33.2710193991298	33.3778724394149	33.0277024866253	32.7936951596932	32.6793005186495	32.15700946454
101002T1	32.7895009815001	33.2181088604862	33.3678692017253	33.4176074805227	33.4602231235734	33.5620890061273	33.1043107114288	33.1997659418084	33.1736696045096	33.0980862445226
101003T1	33.6029161285526	34.0634521880088	34.2065452686339	34.2450493083162	34.3619080288066	34.4869575155867	34.0148871279426	34.0702178437919	34.0902667662613	33.9759311478811
101004T1	33.1057530578445	33.5643927806758	33.6947387050944	33.7450278598652	33.8069067122282	33.8763447733285	33.4116233947369	33.4824632929183	33.2631725528412	32.9475269058464
101005T1	32.5540208275423	33.0010638279265	33.1477355116788	33.2025873381798	33.2814300363489	33.373021355396	32.9045488530467	33.0048319095785	32.9125296333905	32.7210526074054
101006T1	31.9105470960119	32.4048042631866	32.5235291445075	32.6319515890052	32.7539705669258	32.8211478497181	32.4251590342449	32.5134827954343	32.556900157562	32.4785753197511
101007T1	31.9305996377342	32.3658312454869	32.5301145874854	32.6722852511135	32.7228515907513	32.8357967277703	32.5192946625344	32.4303137561321	32.5830735240088	32.3768786543254
101008T1	31.7195731256078	32.0889370657919	32.2200837814554	32.3155268865238	32.3532752225504	32.3841464010319	31.9559543039889	32.0271543222601	31.87602222188	31.5838992339931
101009T1	33.1205823108284	33.5705681036195	33.7052404535958	33.749980999668	33.8141461067597	33.9121938934472	33.4193563853291	33.4883972481859	33.3031704158983	33.0944790524906
101010T1	33.5636833903359	34.0306702791651	34.176752274319	34.2516919427564	34.3110695178108	34.4698296739885	33.9999747855968	33.9831151794773	33.9726731952777	33.7310573487441
101011T1	32.9824800341996	33.4219224457543	33.525632615667	33.5658333001055	33.5366264929314	33.6100804699027	33.2334008150666	33.1100879572044	32.9065667589395	32.520872902162
101012T1	32.6271774976232	33.1071449833256	33.1867896774082	33.2882250739212	33.2824124965466	33.4016875887211	32.9860197508149	32.9835618637178	32.8823470959766	32.5544335456195
101013T1	32.6177955012702	33.0180415144027	33.1555885766499	33.1471409400204	33.146577894886	33.147732875696	32.6801760732084	32.7276606419574	32.1922290745993	31.7542522994127
101014T1	31.8242062470729	32.2084816346982	32.3730861347427	32.4140810093125	32.4088619486174	32.4835476387028	32.0164879283776	32.1098211434162	31.9207301734689	31.7094137445924
101015T1	31.8874908633427	32.311151579261	32.4333896650865	32.4696452430484	32.5115256363772	32.5220933357165	32.0932473109735	32.2366239790072	32.0428601922815	31.8968986884587
101016T1	31.5892219711279	32.0817850137608	32.2027410004264	32.3313444783682	32.4066862709264	32.5120735725309	32.0829156467315	32.2198787128235	32.2231962140234	32.1769786386472
101017T1	32.9128236616256	33.3735618322139	33.5025952716005	33.6411962972425	33.6703583867701	33.8412247626601	33.4670827800972	33.3078260900165	33.3951122487904	33.0535319391402
101018T1	33.66656919683	34.1111113559831	34.247111630431	34.2505434308179	34.2844788915917	34.3818563195662	33.8969957435789	33.918587881344	33.6334688628578	33.3219902566777
101019T1	33.5943203802205	34.0448708765687	34.2248869860833	34.2875641032133	34.3792477261464	34.5413959792691	34.0692714183994	34.1067840318279	34.0806771434312	33.8471623057144
101020T1	33.4383410210688	33.8846901633372	34.0352371106503	34.0644924493082	34.1559586034183	34.3004409549632	33.7979596410296	33.8558778498751	33.8333500833743	33.5928870756348
