2	3	4	5	6	7	8	9	10	11	12	13	14	15	16
130006D1	0.199845188345733	0.0685953860487831	0.247503014273756	0.106197301809638	0.0894610668206759	0.0635918869917504	0.0510337268354393	0.0386936641454413	0.0387719049096381	0.0269647907232517	0.0206855554567078	0.0163863849178693	0.0122667755938677	0.00983120209868153	0.0101721510287664
130008D1	0.136780892736951	0.0924089701477039	0.351632871478518	0.125416581598922	0.0816496058869078	0.0539325959952137	0.0362794504373488	0.029701244868205	0.0211214712338793	0.0163928587117173	0.0140806124584847	0.0132813474804046	0.0110061349092786	0.00803604051487175	0.00827932154159278
130009D1	0.146531543287775	0.0744774513095135	0.3525836046355	0.139037952218498	0.0898968853988112	0.0525785591221441	0.0334090897953691	0.0253120321422373	0.0198757033928357	0.0152198080245636	0.0130150331941208	0.0121315694044458	0.0103566559848021	0.00756426033523011	0.00800985175415406
130010D1	0.165256336972832	0.0601202671859897	0.23958866295866	0.124597092283444	0.100927960133097	0.0728535397244656	0.0542612892014044	0.0454748208935438	0.0402354383083344	0.0310569773265157	0.0204755861737452	0.0151060270517711	0.0117940688953725	0.00875011638773359	0.0095018165030917
130011D1	0.199907391285684	0.0678654201740912	0.214139914383357	0.112104616088299	0.101095201604023	0.0707734006615395	0.0537008900733798	0.0409295359080275	0.040125208661544	0.0282102147777144	0.0220321722681539	0.0162593988714248	0.0128538594727632	0.0100007192237332	0.0100020565462661
130012D1	0.150167834900895	0.0568008074612377	0.210124222589617	0.129179097886416	0.116921178246057	0.072787912547002	0.058537877918875	0.0458370788205196	0.0507267955217526	0.0331621270855523	0.0259523478470661	0.0171492509235528	0.0123677521228281	0.00962058562420462	0.0106651305044243
130013D1	0.106074870397786	0.0621872797814867	0.379889916006492	0.154426118770277	0.0991482166654542	0.0584019362999816	0.0338683135012714	0.026999533239942	0.0180900130845049	0.0140019507277619	0.0117124856609278	0.0111343812958211	0.0097315289412735	0.006937732362443	0.00739572326457771
110001T1	0.12886651161532	0.0701601472037057	0.373721827845946	0.149558555021549	0.0923736312815042	0.0514671908971305	0.030960582340178	0.02453837943409	0.0185335547505313	0.013820302574063	0.0121992200697337	0.0108612575509066	0.00924026704130197	0.0066635079534478	0.00703506442059233
110002T1	0.204326238711474	0.105198110803173	0.325278114036188	0.103815668242486	0.064890219823603	0.0438527373315714	0.0318799076256476	0.0264588014977511	0.020816323239226	0.0161303892843225	0.0146748049208426	0.0135202241812958	0.0118700385721916	0.00854971149230061	0.00873871023792602
110003T1	0.134700620237645	0.0776208344916743	0.392163319625413	0.120719382501416	0.07611124383086	0.0497811590699772	0.0324551608875653	0.0279717648080071	0.0194364245542962	0.0154594514948572	0.0133116124414701	0.0127112202962409	0.0112685008716895	0.00802221492477846	0.00826708996411016
110004T1	0.19079211003993	0.111707185375197	0.346669094048976	0.109463263291722	0.0661942851810271	0.0419912529889379	0.0280841700968714	0.0249040304253485	0.0166913059334067	0.0138058804372424	0.0120060948739831	0.0116675653093377	0.010626153324934	0.00763210732883349	0.00776550134425384
110005T1	0.149979763469709	0.0714296793384896	0.328147029713177	0.151746623817539	0.100719584346784	0.0566394741272827	0.0349981643153081	0.0246512537688722	0.0227936025273629	0.0151393923075967	0.011930525575594	0.0107310362098562	0.00854182622765211	0.00623074834045045	0.0063212959143257
110006T1	0.105900329076312	0.0598651977469949	0.219674952934321	0.138670376547831	0.119889384842417	0.0923819477381823	0.0656792856443841	0.0549806778840524	0.0357172036488783	0.0258739850119281	0.0208365519586458	0.0189737751445632	0.0163828951758178	0.0121665760932926	0.0130068605523796
110007T1	0.121088975393945	0.0548061620670582	0.257777415325126	0.143272182181493	0.11137766760685	0.0826617716090825	0.0581343089679974	0.049684294977225	0.0339066454041765	0.0219172834079796	0.0168906217440042	0.0151430363693546	0.0128491447386316	0.00980840349811921	0.0106820867089567
110008T1	0.151107595786916	0.0747730250599434	0.211514756191387	0.1294782819371	0.108662698914637	0.0810051404571361	0.0623727465125926	0.0502834476393315	0.0373838684214697	0.0244192191945644	0.0189507875549561	0.0161429531838461	0.0127533404556745	0.0101738545105792	0.0109782841798671
110009T1	0.127602969035856	0.0575064167271641	0.243606984682809	0.146270124852508	0.121716062838169	0.0898931607066244	0.0583488779344812	0.0436924642954157	0.0274549382251314	0.0203454448638283	0.0166394624904254	0.0149137479620095	0.0124196929166898	0.00932410555794136	0.0102655469109466
110010T1	0.149670383332738	0.0790177159512365	0.230852683501767	0.134334496604197	0.105046633762971	0.0765096781928532	0.0587246473669704	0.0452122385842433	0.0371631859571012	0.0222186012959145	0.0168192821999544	0.0146452742099326	0.0115789773034284	0.0087239245170914	0.00948227721960106
1100011T1	0.199041343329407	0.0890446141874011	0.282258513189601	0.130455134496471	0.0915955740909759	0.0552907987078613	0.0422064498336611	0.0253089429932286	0.022120447697397	0.0148958355382614	0.0129880775308518	0.0115208612157541	0.00907130964134416	0.00705060910845766	0.00715148843932738
130001D1	0.159199322962953	0.0629230804313328	0.231462272975087	0.121300495903582	0.108580654747599	0.0796326727328145	0.0575959866398586	0.0440706775628438	0.0407447316201957	0.0307387419092481	0.0213678015737248	0.0143870181709208	0.0103985454008521	0.00855800341838252	0.00903999395060507
130002D1	0.170680445210943	0.0544592770646422	0.224506391624161	0.131485964124902	0.111162217779565	0.0767274375990873	0.0564286754022098	0.0427815935331375	0.0403132405069644	0.0275246202932473	0.0208858146222679	0.0147165627479649	0.0111471993669912	0.00781866595740712	0.00936189416650935
130003D1	0.237540926764871	0.0791551760994442	0.174880044890367	0.0949049908438035	0.0961019829557489	0.0689654816541535	0.0645361470496402	0.0390874253397983	0.0407086149109465	0.0275084234204607	0.023354193053864	0.0176242008506027	0.0137256598927776	0.0103913729211865	0.011515359352336
130004D1	0.206197267303326	0.0615889399929181	0.199478127781034	0.113883401783755	0.103213604592682	0.0740799605760551	0.0578313743109123	0.0467181804865636	0.0405942148773832	0.0313347146827721	0.0210802643298379	0.0149803517019969	0.0114081999731567	0.00817177161882746	0.00943962598877932
130005D1	0.166286669409714	0.0658765088352613	0.209019854398768	0.125401217657023	0.109508037734752	0.0789494197514452	0.0600415602299705	0.0472724726805544	0.0377840390678815	0.0291280997161883	0.0221453996952721	0.0172565420501759	0.0115602550044877	0.00932277360213772	0.010447150166368
120001B1	0.157994458213112	0.0749189187707147	0.146205109268642	0.107265909380722	0.116661740459432	0.10412376803314	0.0788644499420904	0.0627137807257763	0.0430152769371224	0.0257329016952175	0.0215441545975084	0.0189870191407907	0.015915511162346	0.0125740779231812	0.0134829237502047
120003B1	0.261497468286637	0.106822817674674	0.165627330939032	0.0880024493286478	0.0805317600285981	0.0645360242962113	0.0534956421190741	0.0486011783491197	0.038170674759207	0.0234083659637072	0.0196327776192842	0.0171737234827631	0.0128614600205053	0.00994852143119651	0.0096898057013433
120004B1	0.25064914651221	0.10333836189965	0.179131060743576	0.0929943674212144	0.0837749016155224	0.0635097038843663	0.055642523363071	0.04647308933617	0.0380125429470548	0.0237000935010186	0.0177450603269452	0.015411386090403	0.0119877005597116	0.00849493639573501	0.00913512540335111
120005B1	0.218490257572658	0.0928111028250591	0.192903534408954	0.0882308413069987	0.086830288561348	0.0769591339607358	0.0626094714216277	0.0532772736418382	0.0350609041934114	0.022753204229462	0.018336769591969	0.0162783340377123	0.0136593381300161	0.0105473234726881	0.0112522226455214
120006B1	0.183572500227848	0.0797291235718798	0.217094534974947	0.112424835277984	0.0940365399564748	0.074772983516419	0.0597162448094998	0.0510032597700454	0.0386407043407158	0.0244884052467888	0.0175695320564495	0.0150650908886858	0.0121412346473897	0.00941313571936758	0.0103318749955041
120007B1	0.179672499079121	0.08923690993568	0.215516010215899	0.109250359084476	0.0905557841912273	0.0721791837178441	0.0590464757031656	0.0519313821389166	0.0361624496036105	0.0237917705183388	0.0198250733150854	0.0170698003675017	0.0140449467102209	0.0105880871812368	0.0111292682376763
120008B1	0.149122736309272	0.0688982375160988	0.209302760403867	0.122036588673832	0.108570797795614	0.0814292313392925	0.0618694523337806	0.0525108138646664	0.0473205553303077	0.0275193858435075	0.0208379666437891	0.01652711784033	0.0130130104199469	0.010215089256222	0.0108262564294731
120009B1	0.153042757100608	0.0682283461873662	0.155910267653171	0.12228799446238	0.128806516667875	0.109264782413572	0.0775180149743315	0.0536604359062773	0.0389245352647132	0.0233479581855805	0.0195390384321964	0.0160194475185163	0.0127873405958758	0.00999047222333764	0.0106720924141995
120012B1	0.107888481550925	0.0527316845427351	0.261071718457307	0.152829837293934	0.118240095759837	0.0831939641967577	0.0589433833128551	0.0509632359778886	0.035762286008323	0.0209585775728401	0.01578311224515	0.0130273197833719	0.0108074550600041	0.0081308944381543	0.00966795379991692
120017B1	0.234130773115998	0.0808013452316979	0.164559159144991	0.114568422954709	0.102670092712965	0.0714671609713331	0.0603441088746549	0.0445533084499805	0.0413599176813519	0.0233038981015542	0.0190441962440053	0.0149868914633724	0.0113709422188106	0.00799964598640919	0.00884013684816625
120018B1	0.258721058346319	0.0837499284817343	0.183104527772087	0.0910096469551242	0.0811841647666106	0.0653157329590198	0.0541022188042688	0.0390698613273449	0.0437339254903141	0.0289918256954202	0.0205501627244105	0.0174029353074785	0.0122936730730894	0.0100395832333236	0.0107307550634552
120019B1	0.204224165138437	0.0931782876588399	0.225240764408268	0.0967359776094748	0.0896370218722761	0.058339580600846	0.0536883988434147	0.0445246752636096	0.0447485432855257	0.027242062857368	0.0196984047567515	0.0152885761807462	0.0110324994498993	0.007680608301214	0.00874043377332959
120020B1	0.245453913749739	0.0809243299895403	0.195689288148265	0.08822428806365	0.0851863869432812	0.0630853903799673	0.0541191544634536	0.0466075654434671	0.0464864267486615	0.0298556731376578	0.019424403931394	0.015005315350064	0.0114251893483476	0.00810365126157684	0.0104090230409346
220022B1	0.117183588653339	0.055378637277844	0.129307076015811	0.102613589588558	0.13027462388905	0.125748905426965	0.0971552423850276	0.0789408838451583	0.0511872663290802	0.028845895152998	0.0241432767264149	0.0184598550218735	0.0148312615985387	0.0121373749371357	0.0137925231522068
220024B1	0.117829169879679	0.0428799902736285	0.118464531647138	0.109646620803046	0.140984459116071	0.133595535759655	0.101026454033935	0.0695062648180919	0.0600036315528838	0.0327403011468539	0.0207791393857168	0.016896109913705	0.0123551279927133	0.0102370396305165	0.0130556240463654
220025B1	0.17299048945147	0.0737697983589021	0.169201508145905	0.099458089204124	0.135039892005579	0.0932086313961044	0.0558675368891211	0.0512836476317889	0.0455841485471066	0.0291414710046535	0.0229576218418841	0.015781223226802	0.0141286564160553	0.00902977331386845	0.0125575125666349
220026B1	0.12600081710557	0.05836518586956	0.15484096013013	0.109811606094033	0.1350216513197	0.110769309086447	0.0799329259727291	0.0645503331254759	0.0516419830892297	0.0299897947486139	0.0233942216959451	0.0181570205813308	0.0137871411477474	0.0112428944869375	0.0124941555465509
220027B1	0.129033521516946	0.0520837070804673	0.161314341682836	0.121373815271452	0.145122287629528	0.0973685032751863	0.0820940322689193	0.0539316059237797	0.0530458693647645	0.0311878166318354	0.0232657215778572	0.016211393957919	0.0123167138632111	0.0103274400537368	0.0113232299015619
220028B1	0.109086729629254	0.0508575864077447	0.136441733427197	0.120014754240472	0.144175430032929	0.123987145745966	0.0920708952367988	0.0679639534728965	0.0524275872939311	0.0280277559701096	0.0207966170458156	0.0164303014006432	0.0134999130588511	0.0111571031903319	0.0130624938470587
220029B1	0.148827051844747	0.0617771496088694	0.123455739540841	0.0863987703531173	0.126998248036656	0.120495187752882	0.0976009740420006	0.0677545302214555	0.0554574490471725	0.0307705512122991	0.0214606644024864	0.0170922724372529	0.0152414854855461	0.012309741307383	0.0143601847072908
220030B1	0.183693748184548	0.0749869057145248	0.142034432132941	0.0883981135871301	0.115771404942939	0.106161699112819	0.0869472135149913	0.0595688764817962	0.0416364033030447	0.0262424223314903	0.0199239826466621	0.0166700811920895	0.0132022191720775	0.0117804514102377	0.012982046272708
220031B1	0.167203144084823	0.060902795597063	0.21032614632481	0.133961522505624	0.11142724199194	0.0813817554104024	0.0587881517563711	0.0511825522258063	0.040936292894063	0.0225921611864427	0.0181925322689782	0.0136998094392904	0.0115524146851759	0.0081034204049153	0.00975005922429488
320038B1	0.129342221502299	0.0621626845195122	0.254803131002926	0.134983378701723	0.107240493008291	0.0815646892658021	0.0579738452845611	0.0529807509389826	0.0346260157489847	0.0213375309438771	0.0163402644564271	0.0142011319488945	0.0123081602693181	0.00947165498745248	0.0106640474209481
320039B1	0.138029623762402	0.0659423492316585	0.238463592632369	0.127916671684116	0.107095413398873	0.0835930842477974	0.0605083348701613	0.0549638630835406	0.0365850956022589	0.0222235053232957	0.0171033054637814	0.0146917198611365	0.0123129602435718	0.00967655202700251	0.0108939285680354
320040B1	0.145904230647115	0.0757701377966853	0.229482996592871	0.123232835128926	0.104303032037591	0.0783229195470475	0.0575072133150617	0.053543771632773	0.035755312484043	0.0227758835081564	0.0186343523384019	0.0170782747447023	0.0142627461397657	0.0111052233020805	0.01232107078478
320041B1	0.117750357857688	0.0558157628867778	0.268005522421794	0.143022647602455	0.109517257587393	0.0806989238314686	0.0570032067927937	0.052064468468963	0.0348995673416038	0.0208441480006841	0.0160219183411811	0.0135517161798991	0.0115498702179296	0.0090303798584936	0.0102242526108763
320042B1	0.0780185587542109	0.0428424797236109	0.188189687481706	0.135155682267211	0.129570718845552	0.115375107910449	0.0833074866653653	0.0720000769539155	0.0448041112075855	0.0291448127520591	0.0216065256062566	0.0183513562325967	0.0157223255924056	0.0120580203002938	0.0138530497067815
320043B1	0.125189645035805	0.0588436940735679	0.255956005758874	0.140284707600763	0.108022833812768	0.0810216107316901	0.0578806955374583	0.0525012285372699	0.0369418587753499	0.0216646271454234	0.0163799392500143	0.0141069560742229	0.0118391928607722	0.00906995607087095	0.010297048735151
320044B1	0.122926806836845	0.0614182557779853	0.256264480641265	0.135004531352347	0.107292678563928	0.0780772037472118	0.0594568335224976	0.0546118092395502	0.0369513921733117	0.021998992886495	0.0168606870384073	0.0148181947794398	0.012793184169659	0.00997687744387797	0.0115480718271795
320045B1	0.165081364011363	0.067889555509271	0.229425888258306	0.127302817888485	0.104987499667544	0.0805052642562771	0.0574686160994659	0.0468444276822995	0.0387660753159492	0.0218709425229065	0.0167796589286912	0.0142606277903159	0.0112674639258534	0.00853477961617645	0.00901501852709604
320046B1	0.107065533545504	0.0755478553081436	0.286487536552807	0.15087102171234	0.116774510953498	0.0796725632756458	0.0508607040330912	0.0385645155844693	0.024593779614338	0.0172203480495188	0.0145567735172385	0.0122992562379243	0.0100868515488501	0.0073594808128863	0.00803926925374427
320047B1	0.180026238013856	0.0772518987009212	0.178502716119096	0.108655590271063	0.116551313601536	0.0883296929313482	0.0642900539334008	0.0476068248121427	0.0440640860596389	0.0243455101502286	0.0201869832662779	0.0167003243997329	0.0126327777160712	0.00973081119632887	0.011125178828358
320048B1	0.11828180469766	0.0509647887768394	0.131898618997211	0.121788026705918	0.146773795625523	0.132544811607989	0.0900376830373473	0.064383430362996	0.0469549314931453	0.0259748511738649	0.019106459412191	0.0150420939688477	0.0127025978454449	0.0108955109609892	0.0126505953340339
320049B1	0.135538402644866	0.059380514132755	0.122911460782977	0.102901013998912	0.130823023538162	0.12345657454624	0.0927036227904397	0.0680309123474471	0.058172855997599	0.0308851959496271	0.0213224931239195	0.0156243640853578	0.0136013014475708	0.0115936646752699	0.0130545999388573
320050B1	0.119049842170338	0.0597262591206725	0.265325966301324	0.137222058186336	0.105411798442786	0.08033017274016	0.0585879598026692	0.0548169046360661	0.0347007574111713	0.021030854618479	0.0160877813638879	0.0140415086168401	0.0128223320721364	0.00990229559936447	0.0109435089177677
320051B1	0.112549366823963	0.0567438285691	0.272100843066227	0.140375971326439	0.106977718484122	0.0831737064062243	0.0582543158812877	0.053501409440392	0.0338602683841169	0.0205544380159465	0.015464265797302	0.0139704758737127	0.0121653807411132	0.00939002727915109	0.0109179839109033
320052B1	0.234381241377928	0.103327255362279	0.189714430105227	0.0931387938291506	0.0831543639599307	0.0692273857140065	0.054097387663999	0.0481741793154389	0.0321912670868003	0.0218497618659705	0.0186463034734301	0.0166878185135376	0.0139218473447275	0.0104432030470495	0.0110447613405249
320053B1	0.130977655767564	0.0631430498888012	0.256745234634427	0.135496366383413	0.104523156936764	0.0782541505184687	0.0575659638206523	0.0526020987811339	0.0363489837804598	0.0217046888594585	0.0166710482516151	0.0142064341908118	0.0119550970816061	0.00936296447251443	0.0104431066323113
420054B1	0.186299732017665	0.0829135737714295	0.203707055589144	0.0969729135836852	0.086337568687033	0.0776764086355692	0.0592923293563797	0.05521339983178	0.0411490237714456	0.0304828185198363	0.0216958976079637	0.0184296241572744	0.0153713640913618	0.0116132193346928	0.0128450710447399
420055B1	0.172327209707503	0.0846713048898713	0.208825245300872	0.100440182839957	0.0883424740457407	0.0756928624210974	0.0610557180549756	0.0550836192567796	0.0431996226495914	0.0316629076259974	0.022516009665205	0.0183411977090101	0.0145041238969877	0.0109517949466816	0.0123857269897302
420056B1	0.176594540125841	0.0816038209270453	0.21144857674223	0.0965294179978896	0.0862222445399086	0.0748984398361344	0.0592115689004399	0.0559653531809212	0.0416529148660573	0.0314367165427129	0.0234378047812337	0.0198839109686229	0.0160005705546633	0.0121004069086773	0.0130137131276231
420057B1	0.129563529061807	0.0644733870321162	0.252962974167004	0.133414986218738	0.102731209707411	0.0813331552033821	0.058499803555765	0.0537234404966841	0.0360550367572622	0.0220620525846643	0.0166574480983293	0.0148694268718754	0.0129236831429609	0.00982526260426534	0.0109046044977343
420058B1	0.223533334409125	0.0782092423403567	0.194485743165962	0.118088869265598	0.0952149323266854	0.0694771639921202	0.0534908258313443	0.0459448218742263	0.0377496590910302	0.0218293442705557	0.01798077143745	0.0146850054449211	0.0112453125045438	0.00847298065624432	0.00959199338983592
420059B1	0.152393657475869	0.0671769220528306	0.236792330246208	0.12615779602307	0.103082771028126	0.078529819409021	0.0576350854039593	0.0535770579651931	0.0352711867470469	0.0221793871871431	0.0176041697311944	0.0157062319964426	0.0130611297121724	0.00982979938651712	0.0110026556352059
420060B1	0.156960754924387	0.0762425712728735	0.208052545000865	0.114349971413394	0.100348570873144	0.0790403877971743	0.0627809077370221	0.0587196890816018	0.0409314487847039	0.0259697622835503	0.0198589650691032	0.0173010890530938	0.0148220220270171	0.0114511267949316	0.0131701878871379
420061B1	0.161136519101835	0.0822022327011084	0.196136084655745	0.0986239612202241	0.0896285224889866	0.0801514080148353	0.0622823783075596	0.0584863722520055	0.0447588865754886	0.0330210072222386	0.0247487429746599	0.0215146576115586	0.0181722595063519	0.0138374443245605	0.0152995230428423
420062B1	0.14343847912528	0.0800759715445528	0.207516166125367	0.102134278533568	0.089970098995383	0.079982940127241	0.0648732358830793	0.0603382340868298	0.0440343851549008	0.0343925870238305	0.0247331188965097	0.021170896191271	0.0180771399838443	0.0139750503708611	0.0152874179574818
420063B1	0.161303892093324	0.0820614879801652	0.206603753806794	0.100610344819238	0.0866482728382929	0.0767379416668818	0.0611979784211287	0.059024417943583	0.043190673397385	0.0325248545186078	0.0239406747366791	0.0207556274227665	0.0177099824616876	0.013353515633223	0.0143365822602427
420064B1	0.183188828254335	0.0812948817193728	0.219804537524172	0.10091396915301	0.0873268108658037	0.072532792787045	0.0570727167551894	0.0533228795273939	0.0413091693862506	0.0295102282097498	0.0204008527477275	0.0167494320744632	0.014087452122422	0.0106394200396553	0.0118460288334096
420065B1	0.172498070040169	0.0807060443159658	0.223171225021671	0.101129678047441	0.087428511162925	0.0731437525588584	0.0579083362574118	0.0528197346371858	0.0457870458836142	0.031439087020406	0.0216834224057901	0.0171392417657229	0.0132275659257783	0.0103662815925472	0.0115520033645132
420066B1	0.175066869171409	0.079521264478933	0.220504780400334	0.0996249072195817	0.0851837569206827	0.072927651377052	0.0592138215740825	0.0547623674303835	0.0429756004229959	0.0315892349418965	0.0216443158919689	0.017685074310885	0.0149569338501082	0.0115253544132371	0.0128180675964501
420067B1	0.20709953000333	0.0817986797206354	0.20074153183601	0.0982477094519453	0.0877267892063922	0.0702881397663978	0.0566020083830612	0.0480745922203739	0.0448743320375863	0.0296360806224759	0.0219893100002072	0.0170860176353055	0.0134859240610879	0.0106301476217526	0.0117192074334392
420068B1	0.182293151804479	0.0789922010341588	0.215217166232765	0.105681126377437	0.0901495148170605	0.0696251912092949	0.0567660632150458	0.0495067591263383	0.0457646077888436	0.0298719909042265	0.0225289746410762	0.0175085260908583	0.0137677220178983	0.0104409419846806	0.0118860627558367
420069B1	0.193955298412761	0.0837175916506808	0.213508733439336	0.096371340299062	0.0840974188118018	0.0709123159980906	0.0573908485691324	0.0512308228008679	0.0427865272938228	0.0300606041651904	0.0217568967719062	0.0173951952461771	0.0143991128740668	0.0106041673365556	0.0118131263305489
520070B1	0.21899795726155	0.0995245629165235	0.17860849478484	0.0918158800937871	0.0820506514466676	0.0718825244799731	0.0564104240240352	0.0505505034776345	0.0415365996507281	0.0290504486816355	0.0222667969466273	0.018588013498614	0.0151394867807784	0.0112714851688534	0.012306170787753
520071B1	0.205956347686788	0.0940961440220688	0.178811201852901	0.096777251969506	0.087799759401343	0.0698731980431115	0.0597266671446804	0.0506668096563257	0.0420465405241573	0.0307189221831603	0.023757732765981	0.0192457068931392	0.0156356201414827	0.0119106522677796	0.0129774454475753
520072B1	0.229265619918543	0.0966746353236311	0.17786116761438	0.0890071397818229	0.0841440401431788	0.0695311707622008	0.0563286768576675	0.0494258775363801	0.0416938171723676	0.0294035501420862	0.0220720177787116	0.0178752907807101	0.0145098867353593	0.0107351187727609	0.0114719906802005
520073B1	0.126931664833026	0.0623928328720924	0.125101103261835	0.097519469416155	0.121311608951411	0.12662972871889	0.0954536146999593	0.0819867457192195	0.0488996782629677	0.029362908677107	0.0223140658336924	0.0189501362070916	0.0158864429044952	0.0127668721309913	0.014493127511067
520074B1	0.185638330323997	0.0851622390350554	0.212346734697202	0.101578599291764	0.0893679298057439	0.0766923498673258	0.0578784114433941	0.0550287825679141	0.0381734921028501	0.0248501001365022	0.0190535921900826	0.0169222299471362	0.0144525983623253	0.0109570658167223	0.0118975444119854
520075B1	0.168535855384786	0.0781014764503282	0.212719846737867	0.104563495350481	0.0990513445428478	0.0821641469868503	0.0603163854862377	0.0548224572531292	0.0405209488736453	0.0260993937210714	0.019733405502038	0.016533277558987	0.0139188774052568	0.0107731498993048	0.0121459388471703
520076B1	0.118484452208501	0.0597916647173077	0.131653689280954	0.101843708928036	0.119544720367935	0.129061174500375	0.098605055371781	0.0796157013872029	0.0487591353045718	0.0281135295841435	0.0219101985939241	0.0187989633970317	0.0162439354401368	0.0128968363339619	0.0146772345841366
520077B1	0.196757757846535	0.0848437274321997	0.21833061570635	0.108031248540965	0.0885754975500181	0.0722446175656695	0.054667528760411	0.050625581140834	0.0363193419838638	0.0229567103679116	0.0177528097156359	0.0154645305407021	0.0128223063921756	0.0099090719708099	0.0106986544859181
520078B1	0.173281829961705	0.0757361506027917	0.221349694789726	0.113490581911261	0.0986520511876004	0.079128056497114	0.0588557196687611	0.0502687669865616	0.0388417672037132	0.0239897838860061	0.0181366473471392	0.0153786903600281	0.0126566071309477	0.0094860433288074	0.0107476091378371
520079B1	0.180124785689563	0.0853489898134628	0.170975104228783	0.096960468295569	0.100236531076293	0.0914862592823869	0.0699074998502242	0.0575445937342486	0.0420558765016614	0.0264962750116492	0.0212271732165439	0.0193832728172731	0.014808303375635	0.0112036071693756	0.0122412599373309
520080B1	0.175276641611064	0.0851270288402761	0.224527648505347	0.109672042527125	0.0888958241419648	0.0744508399298773	0.0560898743213895	0.0531888190800722	0.0378197833708032	0.0244427351785744	0.0181996624555537	0.0162016722793634	0.0138637973682156	0.0106632630291777	0.0115803673611958
520081B1	0.172960952291759	0.075317407213997	0.222337958215241	0.116607526768451	0.100928981468961	0.0755781581184801	0.0582997080250763	0.0491059305428379	0.0413425944598364	0.0247782730249151	0.018146878254859	0.014548083884436	0.0113486557076958	0.00873711494054389	0.00996177708291025
520082B1	0.117183637226258	0.0626089314890053	0.127150048904437	0.0997639897921721	0.122977598761633	0.124994181295432	0.0962009040713216	0.0791902613974971	0.0483142929794025	0.0291322123550574	0.0230248576324142	0.0205710231527148	0.0180206110392734	0.0145308412776155	0.0163366086257658
520083B1	0.154264684961294	0.0817621447779274	0.217088857995711	0.10818138019927	0.0919801652262125	0.0796203273384077	0.0607085308512309	0.0579971724738435	0.0388689962585766	0.0270431916649715	0.020710119122642	0.0190857200332009	0.0165523097682514	0.0125651520938362	0.0135712472346251
520084B1	0.14082799009472	0.0750182831717824	0.211453806270489	0.116077848766964	0.102780853688328	0.0830325952973572	0.0639278596395533	0.0585194440481117	0.0408455925253723	0.0279340873492119	0.0209050529523462	0.0183234853117278	0.0152943031531065	0.0118514050264069	0.0132073927045224
520085B1	0.183032211182577	0.0833757700337352	0.133255011140881	0.0904464788242618	0.104772045832539	0.101028690851079	0.0805501616063044	0.0645892100722704	0.0458856688214807	0.0280410490883863	0.0238227692903441	0.0197673870451596	0.0155003717283739	0.0124217307884104	0.0135114436941972
620087B1	0.216536647293425	0.0953601675514551	0.189643667673507	0.101137903847732	0.083872191309687	0.0697852104680324	0.0551041668723954	0.0507736992858346	0.0390641587815094	0.0251457695106554	0.0199847996638997	0.0172981433973305	0.0141757761687699	0.0107764131178508	0.0113412850579159
620088B1	0.186348590677899	0.0865683639653859	0.194909746147676	0.105843144754239	0.0931073888086946	0.0795951533661032	0.0591912626803123	0.0537680747602868	0.0408260627595491	0.0272509465310693	0.019975893775874	0.0169271461272783	0.0138227599996064	0.0103799823517179	0.0114854832943081
620121B1	0.119201038470141	0.064557180048039	0.249956379852403	0.129608651759946	0.103544300668718	0.0837734086695533	0.0600839354613207	0.056919536618298	0.0364906200385514	0.0228386273888441	0.0178906027708164	0.0163553207146451	0.014843555493783	0.0112190572508975	0.0127177847940431
620122B1	0.130793845148787	0.0652590180920441	0.128602372919879	0.100047979802897	0.120160549566451	0.126989544943717	0.0907409133325877	0.0738028536358496	0.050442297235556	0.0299307166001199	0.0215648714550595	0.0182400738261296	0.0161494673269367	0.012618724269926	0.0146567718440593
620123B1	0.119183418685051	0.0602923981325803	0.153118875553862	0.118891603501377	0.131642969743063	0.12345543795417	0.0823875792436086	0.0664833108787767	0.0426795348763899	0.0260848810619967	0.019575679390371	0.0169254177690632	0.0143371119665165	0.0116423282279625	0.0132994530152117
620124B1	0.0763152174502746	0.0400333879154464	0.181275009104676	0.136105147316214	0.132434169226121	0.116777441568343	0.0854214630336245	0.0731864720177476	0.0457935316155825	0.0297871112689009	0.0221092241412285	0.0185068769163699	0.0158278581402879	0.0122829827038969	0.0141441075812863
620125B1	0.0702248333638341	0.0365890187063317	0.0912990314946224	0.0861511292017367	0.119912170764226	0.156271130219844	0.131909841687094	0.109872160179246	0.0596365605849509	0.0379381871268775	0.0264905830137942	0.0216425864817763	0.0188224527956647	0.0151098141136481	0.0181305002663531
620126B1	0.245457612666315	0.109056932401452	0.182348932611326	0.0914312271365279	0.0788589612532412	0.0712119535452634	0.0554786367926637	0.0449704846668373	0.0298199130728473	0.0213321797727475	0.0183359275379943	0.0166375953257253	0.0137321343587582	0.0102891174266786	0.0110383914316225
620127B1	0.231616320742293	0.105431352680045	0.188623992507427	0.0932485387484989	0.0817764881614281	0.07280840727628	0.0568578004731256	0.0457765864158268	0.0291409477916563	0.0217846077352258	0.0188792122003985	0.017465931077373	0.0146781141721047	0.0108813353249347	0.0110303646933828
620128B1	0.211045284872806	0.0995985315937748	0.199023366904117	0.106833851015714	0.0869314793419653	0.0723024518484385	0.0533092894954129	0.046639722417664	0.0310370203493068	0.0218704130316231	0.0182794622236743	0.0173037818242629	0.0142739970023595	0.0105877846819039	0.010963563396976
620129B1	0.177053539501661	0.0680421325862561	0.161813271346576	0.111199105031523	0.112597758277617	0.102967579240454	0.0791059528480143	0.0604214278380702	0.0358597804405349	0.0231869810397017	0.0185570612227803	0.0154487526571257	0.012446888957812	0.00976887895592577	0.0115308900559466
620130B1	0.193698462208466	0.0745940436908085	0.21000775895506	0.103021724555288	0.112173706776307	0.0781926011475023	0.0539354355278468	0.0419024001726704	0.0391990150290826	0.0243092860491863	0.0220433362734952	0.0150033798874652	0.0122113853983742	0.00984876527663501	0.00985869905181336
620089B1	0.162415601942817	0.0701376433141117	0.242793347447292	0.127390073733027	0.0960616727800183	0.0738910617462639	0.0572941316939347	0.0510117730735287	0.0364679209530517	0.0210154715595477	0.0166990228620158	0.0143044657333716	0.011555197496179	0.00895677373713697	0.0100058419277041
620090B1	0.243981206435456	0.0922649209762567	0.176547561876084	0.098651847624099	0.0894960250531965	0.0655900557493758	0.0562919100400217	0.0471597120538421	0.0398438369429274	0.0229786403089442	0.0195410496159974	0.0154282098407199	0.0123527251257731	0.00964373207782723	0.0102285662794796
620091B1	0.169649552421294	0.0782242581766155	0.215156423604354	0.116059326299741	0.0981249302290682	0.0785988445569992	0.0624322716522271	0.0565210785456939	0.0367940031809806	0.0222727698974515	0.0178266140594553	0.0155574933851629	0.0126747968755796	0.00949240306294691	0.0106152340524311
620092B1	0.221106685429621	0.0975251783311269	0.200427428312131	0.0894129194505889	0.0813056570615255	0.0697590617573224	0.0577635249271865	0.0525440358716008	0.0349650182496358	0.0229745859263199	0.0187285802355912	0.0171145348771269	0.0142016530022368	0.0107940892216469	0.01137704734634
310001T1	0.104359461933173	0.0483515824139352	0.279902586894046	0.14097814880391	0.107013019923058	0.0839627396766034	0.061235547574668	0.0567329894062143	0.0363286948791129	0.0216698723738351	0.0150781520565939	0.0129259888694437	0.0117337153041413	0.00895687249287483	0.0107706273983909
310002T1	0.166259475777319	0.0650967542890272	0.235261870884065	0.113391132673523	0.0932119931142674	0.0781505342546257	0.0611179836719872	0.0560543711014438	0.0394518310488569	0.0250592666650694	0.017974027297618	0.0150900991833188	0.0129668005838439	0.0096447132382377	0.0112691462167962
310003T1	0.135720904455243	0.0657131750658856	0.305106362429329	0.124896846796333	0.0908533653241954	0.0664135644826837	0.0504847603614344	0.047235054150397	0.0342816960442277	0.0213352365090488	0.0150066347088404	0.0125148113621809	0.0114738801372795	0.00876105733342843	0.0102026508394926
310004T1	0.119721749249453	0.0541930482412865	0.249984632809606	0.134874729207825	0.112337404295576	0.0884554122303001	0.0643975162787873	0.0574593572318509	0.0363532243585325	0.0211738336826915	0.0160266516714857	0.0136344656635373	0.0116759511437188	0.0090405936710279	0.0106714302643218
310005T1	0.12952209585012	0.0677337444849491	0.359499837547468	0.126735795315726	0.0854041318438958	0.0625260453202813	0.0438787417096247	0.0376451714472855	0.0221225747197096	0.0148468608482529	0.0124447776938205	0.0112482193281839	0.0103467730962385	0.00760506161511576	0.00844016917932778
310006T1	0.128661479732844	0.0549411055011952	0.291037487347431	0.13031749137626	0.0926138262514858	0.0697550999262477	0.0556730238297453	0.0534000194969876	0.0364319350836211	0.022058251991372	0.0162985354762138	0.0147708836288289	0.0130151478262367	0.00989539854566065	0.0111303139858702
310007T1	0.132097790683849	0.0598365235929063	0.278907296290434	0.123964657687102	0.09721976251535	0.0760979930841823	0.0577319219145489	0.0541415930902417	0.0366414272742633	0.0228967481133519	0.0155710616973754	0.0132759779708904	0.0116998973908047	0.00924009684127462	0.0106772518534251
310008T1	0.112892217952524	0.0565401314411133	0.245055544469378	0.129340156894836	0.106422549811142	0.0859626623534321	0.065611281657407	0.0617496296761355	0.0416227126544673	0.0255616759303122	0.0181012548931686	0.0156602359070441	0.0132550738465444	0.0102858161758529	0.0119390563366414
310009T1	0.0953377092990175	0.0558926217253337	0.245085438475193	0.136222672625973	0.11001794524579	0.0917907234537921	0.0678313341478811	0.0625518657030308	0.0398735648874912	0.0248786504807482	0.0180885434224215	0.0161495824092383	0.0136737857456218	0.0106193118203807	0.0119862505580864
310010T1	0.111958129609822	0.0558768929034673	0.269996277739507	0.137518539952901	0.102895464212156	0.0823055995278089	0.0598625128247618	0.0580429330981791	0.0354120193447472	0.0212030343462512	0.0158286508760994	0.0143602861348468	0.0129705961839085	0.0100406044195079	0.0117284588260364
310011T1	0.152736626406346	0.0686955826871711	0.272079834866574	0.109344659016943	0.0841541142883395	0.0745899420170084	0.0613622574198821	0.0554362242009769	0.0320320369193679	0.020860530494512	0.0162880003848122	0.0152941431099548	0.0140316278148696	0.0108695540125642	0.0122248663606783
310012T1	0.137347766214174	0.0620508904190822	0.281726332079472	0.120404583056737	0.0940394762038521	0.0757811152203506	0.0590742038721384	0.0540776543432986	0.0307936025191436	0.0195621435585705	0.0159442547866129	0.0146924245243292	0.0130526984808008	0.0100822329182007	0.0113706218032369
310013T1	0.137389065140762	0.071806458137643	0.241235702182112	0.119018125575597	0.0953168892893569	0.0809291733018167	0.0625128300744142	0.057896397887983	0.0369710887905983	0.0243218235587385	0.0183867950521811	0.0164906314213149	0.0142972095016235	0.0110492903033902	0.0123785197824694
310014T1	0.120244260485027	0.0566501760180509	0.245004581137183	0.135105677126518	0.10632189269063	0.0830861946307266	0.0614565520668746	0.0574572304449863	0.0411435666217992	0.0262644939386757	0.0177214085825162	0.0150970001377965	0.013166554653456	0.00991775099339154	0.0113626604723682
310015T1	0.113576036245607	0.0555058283727867	0.27640726407931	0.13353070640187	0.102110111044977	0.0782963546393775	0.0588100287680543	0.0561138918913583	0.0365760477766298	0.023140707779056	0.0166798884313826	0.0146241063105216	0.0128326782773798	0.0101649766582839	0.011631373323406
310016T1	0.112635926117985	0.0520773549313733	0.270693353206209	0.135574033432538	0.105493223288306	0.0824909983229684	0.0613067584944396	0.0561850384112601	0.0371322176233742	0.0232687733614236	0.0166266194886586	0.013956065469243	0.0119054896434649	0.0095379282297464	0.0111162199790096
320001D1	0.105710951856782	0.0530503809767623	0.264717457590312	0.143122440515353	0.108888635920047	0.0852701663221481	0.0624205232223434	0.0547671828888147	0.0397760246862514	0.0235820982958886	0.0164111371926429	0.0136470564575974	0.0109872498750677	0.0082936312306522	0.00935506296933769
320002D1	0.107841414472393	0.0519750359810731	0.261955426824054	0.144481089557207	0.108732372220235	0.0848164323072525	0.0634116457891118	0.0550147468806008	0.0398480803666412	0.023675509450558	0.0162697393309927	0.013565643224757	0.0109784790090223	0.0082234672788273	0.00921091730727363
320003D1	0.108364544182807	0.0525438774241452	0.264706203298157	0.143420124587211	0.108209259683648	0.0836034524585108	0.0624365209546522	0.0548890733802727	0.0406543373837682	0.0235092352073197	0.0160732827869499	0.0134915584116157	0.0107713120766794	0.00818464126658535	0.00914257689767779
320004D1	0.10702886465815	0.0520161729124822	0.266946821072686	0.144197805106507	0.109064011421515	0.0832483713165833	0.0617679785034242	0.0543868904084458	0.0395566209003168	0.0237040584629031	0.0161113282948126	0.0136475912145656	0.0107539400233522	0.00834383781620906	0.00922570788804644
320005D1	0.121596329591159	0.0557745147372507	0.252936957387243	0.144271907339626	0.108510564865457	0.0802779472004452	0.0604180308497206	0.0536403913550417	0.0419491897422255	0.0228692122592641	0.0164860837272075	0.0135129719788628	0.0102799799593429	0.00809291585588848	0.00938300315126485
320006D1	0.151889989816522	0.0615247542337104	0.259998333046188	0.125744671649934	0.0950570593615182	0.0735700434083739	0.063848965652585	0.052344738120708	0.0380568962372953	0.0213105390200036	0.0160076887286434	0.0136855668945677	0.0102111046472888	0.00806737507565261	0.0086822741070091
320007D1	0.121067624538583	0.0547662499097337	0.289795874389382	0.142609419505564	0.100705229547569	0.0754423657519172	0.0595512140903617	0.0503705290948	0.0347615531396545	0.0193940855781111	0.0145002169246406	0.0122482135259515	0.0095079948902945	0.0073019841331642	0.00797744498027335
320008D1	0.119564837461104	0.0555997448418694	0.259664887496854	0.141796993585355	0.112014297775412	0.079143794001127	0.0603191331043269	0.0519742766879234	0.0402944199461953	0.0227371946835122	0.0163884712040755	0.0131559380445283	0.0105255888470518	0.00774143959790474	0.00907898272275998
720095B1	0.14975157573343	0.0699937489708112	0.23406000880033	0.115598623799484	0.0937013590504605	0.0777109987505441	0.0583498622378776	0.054740867822512	0.0428865687795588	0.0303986437644113	0.0204652748843264	0.016488396743626	0.0136771274407099	0.0103590910855465	0.0118178521363717
720096B1	0.190693669306386	0.0850326786712597	0.212624735645369	0.096061744969909	0.0814761490149061	0.0723938711002925	0.0583433050345167	0.0553512050220481	0.041458846552837	0.0299289732081196	0.0205738175875223	0.017871678268961	0.0147117382134733	0.0111765652410541	0.0123010221633463
720097B1	0.215796007169814	0.0811916492170145	0.200752473657883	0.098514832885681	0.0836030452106797	0.0690474624914519	0.0554802660541557	0.0483423023140025	0.046658881961647	0.0300702817083817	0.0208039674620235	0.0160873911656688	0.0127609127355284	0.00996773025820195	0.0109227957078661
720098B1	0.168671631958248	0.0805458888181624	0.239117024896243	0.107221846720744	0.087274662905033	0.0702866909300903	0.0561761699827492	0.0492459270445441	0.0430466882459685	0.0280965405228067	0.0201901391918484	0.016183310394969	0.0127932659484538	0.0100293662007327	0.0111208462394064
720099B1	0.224343877168768	0.0780156704761811	0.190031434208035	0.100365173222909	0.0911766907842348	0.0681482476198037	0.0577200829470149	0.0453837627463163	0.0498824262657615	0.0302388160065784	0.0200188234322538	0.0153566211886977	0.0113275453244871	0.00857620705702471	0.00941462155193341
720100B1	0.195863728799617	0.0818050836014592	0.212540155481431	0.0995679474862768	0.0859026973466095	0.0707947999471892	0.0572370766559474	0.0513000839451249	0.0450236015119535	0.0292738434197678	0.0200274502099936	0.0161659216350732	0.0130468173686743	0.0100666472183559	0.011384145372527
720101B1	0.169765951606709	0.0792518374829606	0.239814632472674	0.109140564069618	0.0880391323569829	0.0691618728148887	0.0564354836502105	0.0485288853010754	0.0438766321427449	0.0279918521955217	0.0197234225594296	0.0159542163175262	0.0125405974003912	0.00953752165055999	0.010237397978706
720102B1	0.193946725637692	0.0826629042774633	0.215228643087605	0.0992418180613004	0.0814595808357919	0.0674731636606261	0.0558468892621274	0.0551111978040475	0.0466866697215928	0.0308063705402576	0.0206501877990479	0.0166562498790667	0.0132048787110531	0.00999727911954427	0.0110274416027845
720103B1	0.185427174450573	0.0835339117616563	0.2183079746554	0.100197884810879	0.0829792320221426	0.0724673065154254	0.0565928956932749	0.0525578358803575	0.0431355151509199	0.0303183059250674	0.02065807518059	0.0171267349726317	0.0141810483952703	0.0107363678094767	0.0117797367763346
720104B1	0.189668853415725	0.0816434227617099	0.221122765419584	0.103429896022698	0.0874431541435726	0.0741783780893186	0.0561108946619756	0.050989354070744	0.0410627211113111	0.0254575609794074	0.0188455398014054	0.0159272169043971	0.013082618294721	0.0100981292059088	0.0109394951175222
720105B1	0.17944589181503	0.0782016144209675	0.221368679208797	0.103172584427798	0.0862006948240238	0.0724527243308189	0.0598131347592979	0.0545202386077896	0.0449555158880126	0.0277705132793412	0.0203384871055096	0.0163713312216922	0.0134372672079614	0.0104153554771475	0.0115359674258125
720106B1	0.180018221027583	0.0810731322155576	0.22230270602706	0.107970695439081	0.0901717185502142	0.0729076813434536	0.0565601617588128	0.0535205236519124	0.0401188763898329	0.0244942907797541	0.019172475295951	0.0163875273747595	0.0134144649168	0.0104833733558133	0.0114041518734144
720107B1	0.1912205548666	0.0836034092981109	0.211102204652745	0.0965460303587267	0.081883536860386	0.0711269145835955	0.0595530846523484	0.0543836159755661	0.0429234755071844	0.0314898223050801	0.0219479296233911	0.0171385094002648	0.0140576911842259	0.010931182748416	0.0120920379833584
720108B1	0.189997437373274	0.078989840684063	0.206732544696842	0.100157797639849	0.091070945644248	0.0722533524383423	0.0576319136328646	0.0519285852893629	0.0474321280974772	0.0311124933829223	0.0215696560518281	0.0164167344296406	0.0131250492967859	0.0101926411288761	0.0113888802136242
820109B1	0.139908945954237	0.0717233481990942	0.237894378696206	0.128359154806168	0.0991857716081651	0.0846741262880577	0.0579032320200946	0.0535461541450672	0.0344131109160821	0.0228653321368967	0.0170054170768561	0.0160620931401931	0.0141765469109857	0.0106621836017533	0.0116202045001439
820110B1	0.167705130531762	0.0835693615456773	0.230538719754601	0.101835143014051	0.0814190089876717	0.0713581975694031	0.0585170360057935	0.0545452075906381	0.0414278650547997	0.0320880383066919	0.0216703122988767	0.0178860658423065	0.0147150752872353	0.010857006170721	0.0118678320397714
820111B1	0.188717598703081	0.083728277446248	0.220816744481844	0.0977748973789108	0.0803777068572565	0.0718195274861511	0.0573671567043453	0.0519095461143016	0.0414317314075756	0.030636097948048	0.0209351389565821	0.0174577645431509	0.0142850575541593	0.0109771457063206	0.0117656087120252
820112B1	0.183680767063468	0.0807336426569387	0.225117228609298	0.0962993785324024	0.0782487089674376	0.0719011079698836	0.0577343538440333	0.0540991016789699	0.0410393469646805	0.0324914576306873	0.0219687055523952	0.0177925519988993	0.0148926769181977	0.0114059273116691	0.0125950443010395
820113B1	0.0902075520071053	0.046343555199472	0.180917528881142	0.131449976176398	0.133433908975988	0.122965080753061	0.0843105120145191	0.0692407952500227	0.041947431712538	0.0269872835382695	0.0184022307218851	0.0155298994006375	0.0137708134867716	0.0111301024227744	0.0133633294594153
820114B1	0.150175424999079	0.07436935270109	0.231903972191123	0.116334253674762	0.094165995604774	0.0772507869588642	0.0627658707321351	0.0568199323847936	0.0399524167209995	0.0262994108136531	0.0188215642465442	0.016158434879228	0.0132737147041381	0.0103923337906685	0.0113165355981482
820115B1	0.0622538764905806	0.0392662569135168	0.147142559244814	0.124271195038114	0.137674769136293	0.147570417137487	0.102249038177457	0.0828764816371715	0.0467458535080545	0.0292187325393425	0.0197799857884952	0.0172388604187761	0.0158483460982326	0.0126284326925686	0.0152351951790966
820116B1	0.121651959747373	0.061023346412444	0.170703522577914	0.124914722717066	0.12903000716793	0.113305030788337	0.0797124568476576	0.0591258846905778	0.0398510755469165	0.0250509313004897	0.0199263256644457	0.0171985605169024	0.0144067332280655	0.0113715274972149	0.012727915296666
820117B1	0.127324298807399	0.0645213387710385	0.271467110917166	0.125974241229266	0.0929815062813069	0.0772128733004428	0.0555786058354161	0.0538243928187211	0.0374593288341934	0.0247395263856183	0.0171513365677384	0.0154355329970464	0.0139506415601855	0.0105316439556262	0.0118476217388351
820118B1	0.142085843036876	0.0786345626874587	0.184242744716233	0.10537669540654	0.102446736665762	0.0991581365939351	0.071769004226258	0.061924492611862	0.0394847719823835	0.0275391836358889	0.0214647398755825	0.0201060876369687	0.01773808553067	0.0133350656915188	0.0146938497020627
820119B1	0.227432844160297	0.0993360357456058	0.195212400216051	0.0883658020411212	0.0759105606446614	0.0694734442765949	0.0561897303757848	0.0531904334563728	0.0371314745068478	0.0246841623386628	0.0184141170365088	0.016833961344495	0.0146856106945449	0.011123057740494	0.0120163654219576
820120B1	0.134409896633536	0.0636303261896597	0.12437876555516	0.0996432224783556	0.124137402492327	0.136848967111472	0.101268296824265	0.0717877503338034	0.0398057871684609	0.0255024929174632	0.0200270274059047	0.0172972576168812	0.0149659421744404	0.0121256528005045	0.0141712122977664
930001D1	0.115869593763177	0.0645263565311259	0.283699913830853	0.128875114511485	0.0961748024596947	0.0774398428510272	0.0572601826297648	0.0515905638207312	0.0367789725657713	0.0229969307272259	0.0171202642659954	0.0152130997503524	0.0127112029353354	0.00949160916122036	0.0102515501962401
930002D1	0.10352559819037	0.0579264578392895	0.266828143328566	0.135517840632955	0.104911605016954	0.0856725653207231	0.061729726395221	0.0550142097256296	0.0374470324184973	0.023596351661032	0.0177209913849493	0.0159362374937835	0.0132543374337602	0.0100865602721919	0.010832342886077
930003D1	0.107729470855498	0.0559489763252721	0.246266005260611	0.138231748264739	0.110600692158711	0.0887182663542879	0.066006809244226	0.0581150178564785	0.0392059313899289	0.0236270061666191	0.0171662010600581	0.0150672584928611	0.0126247850645409	0.00984782597846702	0.010844005527702
930004D1	0.0725928727503708	0.0450967144065282	0.244848339170564	0.14870049447735	0.118123245320729	0.0983924559831519	0.071201064642477	0.0633746026331051	0.0409619236574096	0.0256941079328435	0.0188468294652273	0.0164818636033548	0.0136611639916993	0.0104244554784266	0.0115998664867629
930005D1	0.1586350517546	0.0817090748507795	0.262167416761417	0.112647613148854	0.0956172572519956	0.0683789405551431	0.055023724336642	0.0410094127817578	0.0376819620814773	0.0223487883926305	0.0182772727405724	0.0156750063109401	0.0122402972887182	0.00922850621407204	0.00935967553040033
930006D1	0.107400521437185	0.0602979997257311	0.244528094394458	0.132032652660153	0.100948761862149	0.0888110853451817	0.0723047143234266	0.0580700789909028	0.0392012447946965	0.0247696589417405	0.0192928381732667	0.0175719765319898	0.0138732074628506	0.010303813768002	0.0105933515882659
930007D1	0.158435064879903	0.0786397426203907	0.258986745336657	0.121955511688303	0.0867415587506794	0.0685586580007006	0.0568420138860577	0.0436787217454536	0.0386171592915371	0.0226509734966222	0.0185475258481198	0.0160426689446796	0.0117975513149759	0.00900922873177204	0.00949687546414888
930008D1	0.144424059065353	0.0652242605723409	0.231324579049681	0.125423305661463	0.102434941697002	0.0799486441147073	0.0680759757303603	0.0524532784067238	0.0421950046684859	0.0231800019153969	0.0188160329317362	0.0158851194713776	0.0118343891018357	0.00942226246876026	0.0093581451447753
930009D1	0.131302631818483	0.0644485648827732	0.253143835885144	0.130468583898043	0.0983442896548261	0.0783637908019223	0.0643863073143473	0.0509443433316129	0.0420936436820894	0.0239022041252818	0.017700144472886	0.0152916692147503	0.0114176293096934	0.00879353480634812	0.00939882680179907
930010D1	0.175254445446637	0.0670949119665713	0.220365263655453	0.11997370109527	0.104673565300294	0.0765450968592856	0.0632424733709308	0.0450192870492772	0.0461034766099065	0.023943067104795	0.0176141471156044	0.0138424772342233	0.0101393811318183	0.00777489339361831	0.00841381266631603
310167T3	0.145063632821422	0.0868876214185695	0.299305313205935	0.108089331931715	0.0883780517377444	0.0598314504289187	0.0600036491841458	0.0389621335420978	0.0325760717918495	0.0223141840888894	0.0164055104175874	0.0145823676536767	0.0102947621832191	0.00848358071357434	0.00882233888065553
310168T3	0.129395811296978	0.0752717957296	0.331518849257512	0.109982850653483	0.0840779398497321	0.063869009659956	0.0580580795360855	0.0375812056370456	0.0334110301586245	0.0217051523568648	0.0156571908415628	0.0132945531322946	0.00994706384156976	0.00794543897362716	0.00828402907506364
310169T3	0.148778363233369	0.0793082674975979	0.307736128098657	0.108548465081487	0.0848966294531373	0.0613727461810491	0.0556315929097129	0.0377426024357664	0.0354742235811562	0.0224668561548424	0.0166937624073899	0.0140046474757303	0.0105805110490785	0.00847049100733136	0.00829471343369533
310144T3	0.162520338855098	0.0656532717750379	0.215674443491741	0.119043172620063	0.104462955701164	0.0736551031801799	0.0552247677480904	0.0499935906883665	0.0459778012692049	0.0285173377818025	0.0224329515840371	0.0175404201805574	0.0155109195862608	0.0110635124276192	0.0127294131107771
310336T3	0.154726524853046	0.0707900989059058	0.184006483482626	0.100569961341225	0.120080610657407	0.0995329300067227	0.0556907412800949	0.0590526821909712	0.0435748009048809	0.0310158904057694	0.0247974789465673	0.0173474338558931	0.0138050451535818	0.0113483040054189	0.0136610140098904
310172T3	0.148711891554727	0.056692971585066	0.235977173945241	0.114529982054592	0.109902386504453	0.0755460518082834	0.0719929844820363	0.0472378928540529	0.0367015547764123	0.0239882427798588	0.0199150628947489	0.0150070594268524	0.0158036222755852	0.0132835209361016	0.0147096021219896
310055T3	0.136867326620018	0.0696233689920979	0.180799045155284	0.116731700497789	0.120544331359456	0.0857755338966619	0.0742397144612218	0.0534861486324931	0.047493679973237	0.0289051806311633	0.0285572920192693	0.0182800711694736	0.0146121969980162	0.0124651361637819	0.0116192734300366
310054T3	0.189499090731036	0.0644512514780211	0.211531172583667	0.104627244729349	0.100798759292342	0.0660181424712419	0.0634166099247383	0.0363174184047334	0.0373455044329985	0.0346097613987646	0.0276754976982809	0.0209052921092585	0.0153879246512099	0.0142520308023673	0.013164299291992
310030T3	0.140654331445141	0.0708123266933933	0.177822362659995	0.117894139535616	0.107554288869625	0.0870857358626378	0.0724215546333054	0.0596393876157164	0.0465891151974546	0.0323693606782554	0.0229547620709489	0.0226708969542991	0.0161600173267742	0.0127921748221036	0.0125795456347346
310194T3	0.175843856013977	0.072575510834094	0.178387303452385	0.103722478466505	0.121426340340394	0.0903637987646678	0.0673266775876907	0.0470635515606167	0.0381539255624392	0.0272001853178521	0.0238515468703986	0.0154043412549727	0.016235049965144	0.0105054381982688	0.0119399958105946
310076T3	0.149724472324897	0.0582758100146412	0.184220996594259	0.103645894340343	0.106825975607586	0.0901397948878066	0.0763100419565722	0.0627452575329147	0.0535790600879795	0.0312890821462795	0.0248260635163966	0.0198604612957519	0.0144269516821063	0.0124099943242316	0.0117201436882348
310170T3	0.162712868653956	0.0604158415918943	0.201011674193345	0.119848071021134	0.0871949132419	0.0754185236670956	0.0675312700638632	0.0575380199610823	0.050373611494733	0.0355073914271949	0.0276463185207675	0.0185663638898834	0.0122778147549471	0.0128460405625593	0.0111112769556441
310146T3	0.148806239300215	0.0903423100578023	0.205433830506526	0.113228083054906	0.0847927275402043	0.0790243977656612	0.056188788264594	0.0483118770863439	0.0506034735713779	0.0303259745972969	0.021367734722151	0.0186097779078498	0.0182754081230792	0.0134709588580422	0.0212184186439501
310323T3	0.170855873012469	0.0657557817251536	0.218708874975765	0.10533783993462	0.11552528983978	0.0746127596342504	0.0652771323475924	0.0481244614936794	0.03833701861997	0.0257586379408361	0.0207702180333998	0.0165206099654728	0.0136972581752326	0.0102734910614638	0.0104447532403156
310174T3	0.208801298818644	0.0908668358378462	0.181449100879738	0.111698973519176	0.0997499382924639	0.0530832811896414	0.0373473045175527	0.0507316726107466	0.0468947226576118	0.0332628488535029	0.0252504612783842	0.0188217128255512	0.0145765479383848	0.0135747810761032	0.0138905197046531
310173T3	0.158452621466745	0.0695475360594494	0.184143336806251	0.125190721598522	0.102947966773806	0.0877647550663844	0.0570586020817721	0.055922078378075	0.045389489608277	0.0307166328760007	0.0248730293297164	0.0176647419557384	0.0162762446486698	0.010376663693553	0.013675579657039
310313T3	0.150613897848525	0.0653051805546028	0.228695516165802	0.101873499541715	0.118443897709837	0.078036912950366	0.0547336149383533	0.0552036278815221	0.0453861295313801	0.0229150330117802	0.0253003476687737	0.0167411435618683	0.0128411945187892	0.00974369380221625	0.0141663103144688
310040T3	0.125835129118462	0.067479261543878	0.218546472800454	0.127506381413637	0.130968725598715	0.07387392061216	0.062813659296589	0.0493571132193776	0.0468249477251038	0.0221055706462231	0.0244066252262682	0.0137734138942504	0.013211393333101	0.011335401349545	0.0119619842222354
310257T3	0.156620422150942	0.0773750075261592	0.2048528177738	0.115257655519892	0.111396805351929	0.0808367032197927	0.0620235543939615	0.0468751216381414	0.0369645162290902	0.0267936422685749	0.0271706393632851	0.017513622078638	0.0149858601689509	0.0111717908366082	0.0101618414802353
310192T3	0.186089960613725	0.0864469996519599	0.164778586352038	0.0964060222182789	0.107528113790892	0.080816495393265	0.0640359120953281	0.0543746340776576	0.0439539292783964	0.0297665095193599	0.0234534110255632	0.021097068830914	0.015425024890954	0.0122437095464247	0.0135836227152429
310031T3	0.170970916671866	0.0724340755626195	0.180411467254294	0.112127533133923	0.121758469081976	0.0835700766511645	0.0632320386265599	0.0483783700623459	0.0421569159644686	0.0258533684560198	0.0217350082772892	0.018648858195737	0.0148417266243222	0.0114109024057592	0.0124702730316544
310287T3	0.151112482012348	0.069518527148553	0.192332438165974	0.113426706763954	0.126319211745869	0.0783930734872481	0.0560162427067401	0.0531611445347804	0.0509375007645768	0.0309681966951959	0.02302962027615	0.0161792353348442	0.0146698109187566	0.0109904380826853	0.0129453713623241
310304T3	0.197227011803681	0.0799924642705722	0.208962289461973	0.111263634044665	0.0923317553055544	0.070016960645024	0.0625691896857707	0.049547983376085	0.0404998294732916	0.0231868866620709	0.0187373263333885	0.0152688734185692	0.0116907631627299	0.00892379722947653	0.00978123512714804
310282T3	0.163920602522892	0.0723053222912044	0.203035485101847	0.108886084555422	0.0967004920137199	0.0814613778668173	0.0654638838396718	0.0526579452705929	0.0445905225332035	0.0282896162560119	0.0231342247460964	0.0204550809503153	0.0154051273783863	0.0117192273933586	0.0119750072804598
310222T3	0.134633406439663	0.0510913008484005	0.207684426997669	0.137570758926637	0.122715213800395	0.0854997697726658	0.0600224201502417	0.05212620554077	0.0525149377703505	0.0276785478398176	0.0214239271044588	0.0167484769479151	0.0115433280402508	0.00830558941267423	0.0104416904080909
930011D1	0.167855238910778	0.0887411420259683	0.175015519310152	0.0977048198484669	0.0872395896566668	0.0798616015850008	0.0669696557925717	0.0600769797814827	0.0490969288182897	0.0348484361872246	0.0265380985107174	0.0224603955331634	0.0171614982179436	0.0128028858007945	0.0136272100207793
930012D1	0.16589678774251	0.0911217862381492	0.200793720505197	0.0974863226321078	0.0840548413791914	0.0729929522972349	0.0592447560438848	0.054836333932441	0.0441674078062458	0.031632718453967	0.0263489915428374	0.0237463225822614	0.0188605084051469	0.0145090943838039	0.0143074560550221
930013D1	0.183265654532379	0.0898458434470676	0.181388391826078	0.0944323081394443	0.0860589846048531	0.0782568568391327	0.0630388473899306	0.0609963046947884	0.0447427698752513	0.0311597737066547	0.0241650824712062	0.019957012197198	0.0166608592588435	0.0126554519152105	0.013375859101962
930014D1	0.123421629034333	0.0626522728643325	0.277607847290571	0.118643533693228	0.0899786317968349	0.0792243347303422	0.0642916476318453	0.0599169659461845	0.0337368665665641	0.0215352417619066	0.0169781174717445	0.0155785934262348	0.0139696438993278	0.0105475627791961	0.0119171111073549
930015D1	0.123430137786788	0.0603676254105553	0.260013356442942	0.129240627536531	0.0992253095100958	0.0793673727353402	0.0614941585758838	0.0570501786055647	0.0386856212215254	0.0240517877662614	0.0173687889058826	0.015419559176753	0.0129523108398767	0.0100959878192964	0.0112371776667031
930016D1	0.17379318828315	0.0686539639374462	0.227040158680014	0.115994256039033	0.0947476097373059	0.0840470128242538	0.0707526745785316	0.0489336389203291	0.035597274973235	0.0211918510067171	0.0174460290943509	0.0138123606508746	0.0104659587878789	0.00833314715588088	0.00919087533099896
930017D1	0.116921333721355	0.0625112828827917	0.227212297372217	0.125392309749365	0.103778225609987	0.0865491769759343	0.0665417903225049	0.0619780050147975	0.0456730142510874	0.02871008487119	0.0201547011627415	0.0174967642496928	0.0142394159351368	0.0106415508912886	0.0122000469899094
930018D1	0.136601856784406	0.0620320487312651	0.204696176960396	0.114723164341673	0.101863501860166	0.085477192543569	0.072090501576937	0.0676780526474208	0.0490880539186707	0.0296822149383011	0.0206717563466544	0.0173166272913085	0.0143079971429899	0.0111245603487462	0.0126462945674967
930019D1	0.129374788210422	0.0702832930651426	0.202624292370526	0.116830758506246	0.105378602642405	0.0872820062352547	0.0682361901524671	0.0595802085223008	0.0474526134040667	0.0302860272402993	0.023147055036756	0.0192130215348228	0.0155572590216132	0.0120860806984487	0.0126678033592302
930020D1	0.21759779400175	0.0843978240371542	0.193431325167459	0.106229857864475	0.0981200515822408	0.0745430101243208	0.0503126430520718	0.0478564178125053	0.0373151185160145	0.0244398375276416	0.0171823301965901	0.0157465391903983	0.0131016675773142	0.00837331159737868	0.0113522717526853
930021D1	0.182515486599748	0.0726013620965461	0.167433143485805	0.0991408802321073	0.123550632183221	0.0946638630832197	0.0529772335962429	0.0549705580785577	0.0452248594928984	0.0308440503993123	0.0207644375726364	0.0182740360603075	0.0139372316261499	0.0107388290437562	0.012363396449492
930022D1	0.183941135359905	0.0696088562084471	0.178767695630997	0.0915482454051555	0.133081908932283	0.0912250590963082	0.0473434818973153	0.0551475564846694	0.0424267621374331	0.0263375804849792	0.0237425292866529	0.0185494566202101	0.0150342686109477	0.0107748793448506	0.0124705844998461
930023D1	0.164150679425213	0.0797954137603466	0.184631728254	0.108491037289893	0.110146873480634	0.0925341510716526	0.0604433773564782	0.0550540733260354	0.0397438216025745	0.0287611564021139	0.022380458588381	0.0150684685815998	0.0147870590547116	0.0106556277215721	0.0133560740847951
930024D1	0.183441215307345	0.06925371617289	0.178499129504218	0.0945270784780643	0.131402261406859	0.0832110502422113	0.0515979146852184	0.0555124952684055	0.0401902194861255	0.0315172531672763	0.0221306469480146	0.0198853044275678	0.014246204160576	0.0105141110822668	0.0140713996629624
930025D1	0.188898727299354	0.0873676745443424	0.205291408414043	0.0808806496601957	0.10043340581788	0.0660196177376047	0.0534054531147878	0.0568590294918268	0.0499984430447715	0.0262001327629757	0.0264187428649889	0.0170210517422008	0.0132848516056754	0.0137698291823825	0.0141509827169716
930026D1	0.17338057980416	0.0681596776167128	0.200325895507299	0.114604352548901	0.11397209998319	0.0697449207523397	0.0567327264048321	0.0565880520651338	0.042215640584761	0.0289568321339168	0.0233234563147282	0.0177136647040039	0.0129749854654759	0.00946623876453671	0.0118408773500085
930027D1	0.174959116808864	0.0763330673514209	0.218128673104597	0.115100792311318	0.0984961371255069	0.0688096166245615	0.0499787880162391	0.0496098539441065	0.0445881866840893	0.0276268498582091	0.0224617923471153	0.0166342149670561	0.0138179171480019	0.0110927675103073	0.0123622261986078
930028D1	0.230452282297223	0.0755021666463327	0.16185767431963	0.0837478932913947	0.119290106659801	0.0748535860189876	0.0534220584868798	0.0451742306761782	0.0454778791955495	0.0302703563935237	0.0251365690142223	0.0170268176322017	0.0125078327212164	0.0107146605581654	0.0145658860886939
101001T1	0.21249968832469	0.0868316799313973	0.183677182687628	0.0920758335577984	0.0810268107885695	0.0711703916614727	0.0591274717193196	0.0544341474104098	0.0490400239625381	0.0333162087345813	0.0230020310614298	0.0180287552768146	0.0136787616864281	0.0104484738045973	0.0116425393923257
101002T1	0.224137270053516	0.0940577314809073	0.185248310703196	0.0895944020902577	0.0794417644185531	0.0715916228008216	0.0600531124173155	0.0555012356047083	0.039631152410575	0.0258893473878836	0.0199611703091289	0.0175477543415707	0.0145669745956155	0.0109908753759089	0.0117872760100416
101003T1	0.174586350106555	0.0808806239916773	0.218507730747088	0.100176095031244	0.0830172984561869	0.0744409275052273	0.0605673866772802	0.0565286031620423	0.0426690455284452	0.0299422036913553	0.0211078093271721	0.0182418165472458	0.0152960661547134	0.011483733126009	0.0125543099477575
101004T1	0.170565673283824	0.0796812321131778	0.230274369391726	0.102560461670424	0.0828412585373947	0.0739650720041206	0.0585922185357818	0.0555319845476427	0.0408394766266429	0.0289390124887148	0.020350982332393	0.0176991470285804	0.0148914300068113	0.011074853712624	0.0121928277201416
101005T1	0.172536183967357	0.0792836322554913	0.235475396078763	0.107958962133243	0.086886958490419	0.0729572246412473	0.0575478978804154	0.0520345751010279	0.0383701768324405	0.0269849266370694	0.0187855561422391	0.0160863026622298	0.0134584926379824	0.0102205800496775	0.011413134490397
101006T1	0.164465873198026	0.0727037833185854	0.232099025862503	0.114512432311843	0.0932948559882172	0.0768329311257799	0.0606997288650795	0.054726488377436	0.0377335671284564	0.0250773804011961	0.0181200280969971	0.0154639159561705	0.0131990683807319	0.00981724499342431	0.0112536759955536
101007T1	0.202498800094637	0.0729324205058365	0.222622520311585	0.105815131189153	0.0886956950462335	0.0655865439477231	0.0532695830430089	0.0459026547623856	0.0450852113016705	0.028551355471896	0.0206939616223504	0.0158522140531328	0.0120148384098496	0.00979368023150227	0.0106853900090359
101008T1	0.198646475885979	0.084080115283483	0.204715403382027	0.0981709330974685	0.0823905635101467	0.0705510329849413	0.0581635392091846	0.0534288373206873	0.0423668709822511	0.0307671891855953	0.0230448813896899	0.0177238545711021	0.0136094707335708	0.0106406830396411	0.0117001494242327
101009T1	0.167203518616527	0.0750395805669948	0.239499741234396	0.110812131452461	0.0880973120315461	0.0753690259720394	0.057042757782994	0.0515330698939671	0.037184546070015	0.0278888380857514	0.0196909519815388	0.0160055154327144	0.0132980590206178	0.010078667087718	0.0112562847707191
101010T1	0.227659101246114	0.0869373795105107	0.202706568697862	0.0982532067611954	0.0784202134304244	0.0663763637740294	0.0535720416217648	0.0468348000457055	0.0416659751712423	0.0286687371300513	0.0207650088846244	0.0158187047925841	0.012345941691517	0.00952172865857117	0.0104542285838037
101011T1	0.148145811761104	0.0812824375900804	0.23988890307494	0.108931527018806	0.0839423276627953	0.0721924101552966	0.0580651812045785	0.0550981037233635	0.0442930109507197	0.0309607881670602	0.0216856422323978	0.0183662675693514	0.0146614007557397	0.0106983531315526	0.0117878350022143
101012T1	0.165703965447243	0.0865188616462453	0.220496552412121	0.103128018911389	0.0843663981418395	0.0730220317125148	0.0594044937151157	0.0552868278537001	0.0430206247623719	0.0314439009013278	0.0220559114348075	0.0181942067401297	0.0144995385337187	0.0108751275894172	0.0119835401980587
101013T1	0.130543100229016	0.0698732788462854	0.250465563926506	0.11989152704413	0.09677861298219	0.0775263305795188	0.0583307229670843	0.054094621663888	0.0398237297126652	0.0295267504348244	0.0200108069859975	0.016627110402945	0.0139721147460624	0.0106270064950289	0.0119087229838578
101014T1	0.167504245527704	0.0882452653834703	0.223526891571225	0.0971876996212999	0.0858921031508083	0.0734073671223531	0.0601686135920891	0.0542912040417495	0.0428759166085799	0.0300201626557952	0.021178422079716	0.0177794673386758	0.0145807389981042	0.0111550524682929	0.0121868498401369
101015T1	0.179111003185394	0.0839246696837909	0.218154301220286	0.100595047758604	0.0832182798835483	0.0697254538652848	0.0588908159118882	0.0538551246935011	0.0440011399174906	0.0315246929233335	0.0217920055426128	0.0177599396304916	0.0144181373717416	0.0109816550606942	0.0120477333513381
101016T1	0.205607407724486	0.0830480404168739	0.220419368183675	0.0961662513001417	0.0772696417055995	0.0647414658209118	0.0553023722776357	0.0530786464961807	0.0426728687152707	0.0304368367715366	0.020559398177269	0.0160287704487131	0.0132815145096672	0.00992529897999501	0.0114621184720442
101017T1	0.231392304592273	0.0817075373127393	0.201055157355839	0.0958274201538335	0.0787684536631268	0.0602874151261588	0.0499202623944173	0.0472482151036791	0.0478387611661271	0.0339259348920704	0.0240663218768035	0.0160134442592867	0.0119847097151456	0.00934317978452535	0.010620882603974
101018T1	0.17571450221679	0.0858527775087267	0.227636758955792	0.0987708592332102	0.0796683127618548	0.0753662581990952	0.0612292171720984	0.0562778753982605	0.0376214287396042	0.0264074642139663	0.0197498749587673	0.0177819801726622	0.0148837970768849	0.0111733517431141	0.0118655416491732
101019T1	0.186603695422432	0.08780803600966	0.224798477169018	0.101968996859265	0.0804912924826786	0.0694174998183212	0.0553651850945185	0.0513809197102742	0.0392696536891813	0.0296916798325662	0.0212209324271442	0.0169716936991159	0.0135411836837513	0.0103683320902743	0.011102422011799
101020T1	0.115738055075838	0.060220103824455	0.207915373607745	0.127843907666534	0.115417918858474	0.0972994481272195	0.0665950434692232	0.0566134318477007	0.0410743807598861	0.0328868133195385	0.0241913292537194	0.017902933369597	0.0138219815186228	0.0104726380965344	0.0120066412049131
120021B1	0.147020679013008	0.066925307679871	0.235348596748146	0.141155366382903	0.111894176677166	0.0779294808724627	0.0598129423470432	0.0476805499630545	0.0368055969009723	0.0203144701301514	0.0154276139604279	0.0131904686540691	0.0102374980790763	0.00784093056243338	0.00841632202921591
