Ann_short_1	Ann_short_2	Ann_short_3	Ann_short_4	Ann_short_5	Ann_short_6	Ann_short_7	Ann_short_8	Ann_short_9	Ann_short_10
130006D1	0.420828463980288	0.683263578515771	0.693052227831699	0.888797377449556	0.813665565825537	1	0.780279991189083	0.628132698981682	0.4810623758532	0.464237830148874
130008D1	0.676966602922478	0.871401151680296	1	0.989738890009926	0.976231149860976	0.945617098084747	0.758689743909897	0.79567472702269	0.682292736782907	0.621542562645739
130009D1	0.600570728907965	0.855495883295662	0.929147833153008	1	0.948089504427843	0.949473409961812	0.696959280030596	0.764287193148879	0.677738404677726	0.657308217333636
130010D1	0.737482649633396	0.776334860774601	0.804752191726877	1	0.668700098246717	0.67312157248425	0.708229599852087	0.606643003705339	0.644631371399863	0.831836029737732
130011D1	0.467084051649918	0.516204266462623	0.721956477549645	0.894899392411227	1	0.840901424892018	0.793516063193561	0.773532226956566	0.757768653384738	0.871650019526461
130012D1	0.521566332695919	0.773708916206046	0.936568326477324	1	0.916328017825185	0.885012559419259	0.892173157538365	0.870593110166235	0.76362298151599	0.800951286487756
130013D1	0.622821927084831	0.77555783064181	0.890594347077461	1	0.948880479283595	0.961459601263176	0.771842284228362	0.831855314088736	0.742509136102098	0.639505046885807
110001T1	0.708072524955537	0.890025541535114	0.988453777489198	0.941918753624791	1	0.979417479248036	0.729021337256297	0.723073223139149	0.609958208884005	0.514823215544917
110002T1	0.678924749500163	0.893611607272004	0.976351780873465	0.989285971933594	1	0.957704644761471	0.700576013194103	0.782890892540992	0.722794375792638	0.690064583003277
110003T1	0.665543598419611	0.844968916862418	0.972766192372095	0.987012893178909	1	0.99739487828293	0.770682640863216	0.839118261877063	0.783534814372547	0.675252584756263
110004T1	0.701797382068572	0.858160191518285	0.968517352365858	1	0.929692791290645	0.928924919774739	0.698476366924925	0.745527020249088	0.550360462927801	0.429857689786195
110005T1	0.701826274924623	0.905112279910998	0.919892221397564	1	0.831561477858374	0.92260428675957	0.865523066072432	0.546852599551636	0.732326431558027	0.63393611254881
110006T1	0.726929389441848	0.791061481109522	0.892176133573921	0.961577582204116	1	0.95597876171122	0.77605808382939	0.824039525627133	0.785154417341915	0.870495908418022
110007T1	0.711559862287635	0.850475381335737	0.935760911498445	0.982546906032955	0.933517706700218	0.888385333965945	0.806320903801774	1	0.716250166148109	0.725228013686795
110008T1	0.55791547141229	0.677530536857027	0.716199161099603	1	0.796360628739675	0.70319378254501	0.677414501395288	0.794269821232932	0.728158970921908	0.753850913671849
110009T1	0.533540330294136	0.731219831589592	0.830949885208581	0.926973092410353	1	0.923615928401369	0.803454479763221	0.822930860989112	0.759759193079478	0.788653572062887
110010T1	0.626821205369164	0.726378908794452	0.752244252861155	1	0.891536595574698	0.801100676280864	0.706586758741843	0.735800107502152	0.659585951793925	0.664077897553427
1100011T1	0.477888662433243	0.661379230289154	0.775146651994514	0.907918893808201	0.90489828767723	1	0.80894009508817	0.750443059362637	0.896643989683559	0.785729749935145
130001D1	0.518328670764086	0.682201028075856	0.836909023459799	1	0.922058651242027	0.910229518812036	0.923685938808275	0.831217346742668	0.837744954651981	0.774338446454356
130002D1	0.58545506486928	0.7195404465887	0.852456417441662	1	0.981780224972795	0.967954018094657	0.818419106901211	0.936757192189306	0.905150748231191	0.848103716593661
130003D1	0.511061510342746	0.621632694239393	0.784141232432127	0.902842869148973	0.938571468401114	1	0.803599073382043	0.85829427170317	0.885036020123334	0.812162038707187
130004D1	0.54491731265931	0.730142109780013	0.832416436001652	0.921342626653865	1	0.943716391778794	0.833353053979159	0.892204723127944	0.945630791213463	0.968913378131211
130005D1	0.529531429555015	0.732140864112445	0.844387483920975	0.985111727300449	0.930127113167091	1	0.826974193030522	0.792686457288772	0.782503765046376	0.634427555078867
120001B1	0.71080283360016	0.874945696187773	0.959206131982696	1	0.94946916128755	0.938236394614788	0.805671526411902	0.822330587797232	0.782382462940868	0.774780924062874
120003B1	0.645352735139073	0.815279342089299	0.921271474523984	1	0.920973063225113	0.894158777553755	0.841845094495923	0.727601311934813	0.743396632442352	0.616243335144294
120004B1	0.72883266051288	0.87791579734365	0.952139527807549	0.982079474504301	1	0.860974499761178	0.681275894665724	0.762730167355343	0.527742177867735	0.425662770133063
120005B1	0.673327144716095	0.836206117213042	0.952769326477032	1	0.940951078222923	0.846575526747025	0.720102305537024	0.831570975186263	0.744580075714914	0.730855918288946
120006B1	0.678675439658224	0.783682433368069	0.927104463409313	1	0.954878674834687	0.907299683965106	0.797545772239875	0.900534827478735	0.891554210892472	0.986220143902815
120007B1	0.65767299985127	0.864302524108169	0.938635161381752	1	0.870872946608471	0.888434119260442	0.66149500067796	0.769370171021857	0.649112967861349	0.564145603860653
120008B1	0.701836042046841	0.820932356980986	0.932806801427819	1	0.90815084072123	0.841258258362727	0.709515281574167	0.623107555662429	0.523220125591267	0.399035779819791
120009B1	0.597822423446482	0.84914878901244	0.907091339986253	1	0.951314693262791	0.928329188414002	0.680148944952259	0.782094312951518	0.582239747757357	0.479235114944883
120012B1	0.547247804093974	0.805181895568515	0.917126740620775	1	0.889607970405236	0.913741267050099	0.746115396080802	0.693973217290984	0.757419375293998	0.699372644824236
120017B1	0.592018215173479	0.64104376838708	0.775330794946916	1	0.841177844048701	0.785962742132728	0.811546275800359	0.889899835250814	0.86452003783059	0.948769274111656
120018B1	0.678656186415259	0.774695578390605	0.860574692161688	1	0.812933746272588	0.861069259104226	0.811620046698848	0.678518389814827	0.804943445868142	0.646692942810859
120019B1	0.831774821716346	0.850322989886852	0.860941377801271	1	0.779081981582262	0.767819736749913	0.782054415579335	0.656551383708517	0.631525999135782	0.608518396322182
120020B1	0.65330731534287	0.784661356038791	0.864865034481175	1	0.907472879678963	0.902445774058749	0.761724588682911	0.710491555316733	0.679073235455951	0.647037073977469
220022B1	0.793566186113928	0.880425571335237	0.953280792881397	1	0.882157518456727	0.826206370081342	0.62539474055641	0.673489320246442	0.327743243757866	0.235073922056865
220024B1	0.657200338153742	0.782790993867006	0.802067824040494	1	0.989309213190892	0.863145595037034	0.706445330612174	0.636000801314811	0.720757431640453	0.784480533069255
220025B1	0.578284294089907	0.849362698959239	0.944820821377509	1	0.892247388105954	0.933830049244871	0.699095647459766	0.711422746149278	0.687828911555397	0.562181553324739
220026B1	0.655314890841194	0.751792420294909	0.803587392831584	1	0.790033134730233	0.784859117314291	0.62114027036349	0.705554734571827	0.585909536608132	0.472962080106607
220027B1	0.662841148167023	0.798661411030936	0.812311386782752	1	0.80462665997018	0.721032315699116	0.654702731003032	0.598347088524839	0.423000501181979	0.368935620781042
220028B1	0.698280857911044	0.852921269779337	0.937150194409697	1	0.899387511367174	0.891664774708046	0.688258785541519	0.62301330166862	0.483862863359549	0.373850883517902
220029B1	0.719159615949628	0.867962633223317	0.906549250634537	1	0.796709816723352	0.811716680373056	0.640126836090745	0.669986881371228	0.51283064373419	0.407695168035897
220030B1	0.68579497084439	0.685133176255244	0.855339046491222	1	0.911963266065493	0.735331923538655	0.657536262842465	0.722942839485917	0.61282397905861	0.474792437432251
220031B1	0.560721523338354	0.723693885228996	0.770641784527135	1	0.925900219983227	0.875009150313828	0.781702571402815	0.80165600507593	0.760883344716333	0.674631604617662
320038B1	0.515044477563561	0.731900262830755	0.841883549376239	0.916332220704867	0.94196204659711	1	0.776611922207023	0.783654139732762	0.763680366077759	0.663699794670937
320039B1	0.612858237205608	0.796161912521281	0.893590138219524	0.93070939639085	0.959081379822372	1	0.718011387472264	0.76790845917355	0.656286275623446	0.562856006279793
320040B1	0.610794067376428	0.858113761849194	0.958924953028931	0.955324783373997	0.993967159697868	1	0.669126363884418	0.704061214332895	0.448974876219839	0.329589445331358
320041B1	0.563675723744797	0.789256398316537	0.866828278394556	0.884073247554495	0.941098733568388	1	0.704803093563029	0.725726626268646	0.664597282937317	0.534568132520552
320042B1	0.618830207854708	0.899608926998116	0.9527239396724	1	0.952864879035107	0.935070858603693	0.633533914607861	0.680993491142088	0.433607757404577	0.308260220763334
320043B1	0.520577270750576	0.705586218646052	0.791916891553652	0.837813510935912	0.897147268412465	1	0.742372800237374	0.768685708014736	0.899349006708533	0.870671776284769
320044B1	0.675264351323659	0.837116218583193	0.978079115080435	0.979079764325041	0.989682256552952	1	0.705936980694264	0.773330546503348	0.661817419192682	0.550619829852743
320045B1	0.475434103522148	0.651186061037016	0.724927294180358	0.879814701762027	0.839123890415825	0.889997153028036	0.768013481137681	0.789507500515003	0.977213636723498	1
320046B1	0.600905569195325	0.782748269824825	0.86590119210959	0.945437676878409	0.930827007677155	1	0.760421778181613	0.825993480729613	0.85684994893765	0.840642730294247
320047B1	0.738373820942744	0.998883748342311	0.948102285299351	1	0.850920633156843	0.955370766623779	0.809326865373533	0.53205136031592	0.540868127809942	0.409306089437441
320048B1	0.578795965820538	0.760916199023017	0.832614727356084	0.901948617739293	0.930104902958458	1	0.751034009835798	0.781444074072173	0.844428426100022	0.786915808099583
320049B1	0.70074301033969	0.879984892868373	0.965936653130487	1	0.999704216917993	0.994293689589645	0.752444227160708	0.756142906701341	0.645359700511334	0.550153062126972
320050B1	0.590378816771505	0.797571418688822	0.895289144512957	0.891850932699109	0.946484424439605	1	0.706998140303226	0.755481659655467	0.698928633340407	0.610747347267505
320051B1	0.575984925202629	0.804043138349595	0.883367040775739	0.8649301114314	0.940063663752967	1	0.685670748513892	0.718989704076982	0.684992623030313	0.585557861002715
320052B1	0.680997636796712	0.885820460976117	0.985476451861085	0.995152525327213	0.995689906357941	1	0.732649657814515	0.782087879019221	0.62208684509454	0.530579275285237
320053B1	0.705336974031127	0.903060055810361	0.967553190469178	1	0.986214917053034	0.963994292923204	0.737245933713853	0.771050053790883	0.637372798665364	0.542588987908368
420054B1	0.62211116825394	0.833314046157795	0.902668358257636	0.967190054734602	0.980996725906513	1	0.719800773638486	0.823005540343077	0.727760298879133	0.634024955194211
420055B1	0.586425573218783	0.777944912644501	0.889935050337549	0.962594746372303	0.978254254289843	1	0.778829584576732	0.841079576610783	0.864180371119427	0.809941243605277
420056B1	0.572138241923039	0.780500275417959	0.857769054982347	0.938059802873784	0.962779510185286	1	0.748302040587531	0.845730601338029	0.803889665959228	0.714989246324572
420057B1	0.573332715017033	0.76466090674222	0.860300501910746	0.884971823958608	0.921097560833106	1	0.716940341940239	0.746309079811479	0.649818978768108	0.547596074113743
420058B1	0.553405486537741	0.730395644143077	0.815884505447796	0.981598185726745	0.987333070848659	1	0.790356920352389	0.818805850041572	0.740663774536106	0.645087499681198
420059B1	0.520916997256126	0.732368401328055	0.869270506306289	0.961185013479269	0.993629867367545	1	0.718046285540816	0.833027594304158	0.69678585996475	0.608147904929195
420060B1	0.473102497528933	0.725160433254626	0.838236938875889	0.920601652859761	0.970232848623861	1	0.735623455770361	0.836157074569151	0.72498755223119	0.665534757233922
420061B1	0.565080090025635	0.751256953981138	0.878894731980129	0.947184156706166	0.951808530921294	1	0.728845193598146	0.815000491426072	0.694813857125107	0.585801907370303
420062B1	0.61611944005705	0.81970260103889	0.936625723249609	0.975892765536134	0.98967857295951	1	0.722062208487556	0.80009751283312	0.605954205091301	0.495638703809001
420063B1	0.571185105808004	0.793015960649481	0.883359311815662	0.910975632765466	0.94128811692935	1	0.702561382796606	0.758818523795878	0.653867942675377	0.553492427416037
420064B1	0.460129922867845	0.763330032891585	0.828198700291831	0.885601174988441	0.915452295169407	1	0.727955618866916	0.719109201095181	0.757231514328126	0.680631193530256
420065B1	0.430234970348793	0.765891944276603	0.815077820351479	0.874149876196866	0.902537165484448	1	0.708193312396933	0.705970456508669	0.789173159267919	0.709460625806046
420066B1	0.531128926938878	0.860239075919064	0.944268753942521	0.953031196171336	0.946447556528842	1	0.685304788793846	0.691264568707265	0.52577617600497	0.400184455846711
420067B1	0.554980287726991	0.743241430630866	0.842126758566987	0.909875390636757	0.920343702401658	1	0.726300153090486	0.794516639498413	0.777748140727825	0.681754732377535
420068B1	0.566081584058138	0.775315114299683	0.847852897938472	0.93288905164279	0.933480021375217	1	0.746199910733156	0.765916196210129	0.705949377975803	0.600408718906455
420069B1	0.628903717093947	0.824094810302657	0.902032906169182	0.971554780103519	0.980310313711575	1	0.753627945441754	0.820283314336659	0.7808339720176	0.683925623120091
520070B1	0.506497895961541	0.733265624870439	0.836931843578645	0.909201594119972	0.961809847256438	1	0.720854845969945	0.771191103740653	0.688696026824615	0.605198952117575
520071B1	0.535053533810149	0.737529532873412	0.841915825575633	0.962904324817298	1	0.988482172934123	0.768723357141623	0.848286180632117	0.708362688205641	0.657177348901571
520072B1	0.560963800715602	0.779636227613381	0.864514231478209	1	0.975950629384713	0.96074252587409	0.744147861846187	0.81288868415737	0.649178574381254	0.563511501027659
520073B1	0.593014790662556	0.811421019126562	0.893887370843629	0.961968635393984	0.952320723305798	1	0.728900221004349	0.780226090745298	0.681010494345515	0.543989041396957
520074B1	0.565634438743914	0.769728886323701	0.864882821153768	0.923110506117353	0.955266512513798	1	0.734554622708203	0.805147178679998	0.735357637696741	0.647068374762027
520075B1	0.56416407087372	0.753906662633458	0.850441240870364	0.981892537967536	0.989878035483548	1	0.776496072109094	0.844061723999664	0.812768096707083	0.732570356352708
520076B1	0.596992027184283	0.79119323487491	0.884817465034962	0.921435458786652	0.950484701074164	1	0.714607793905397	0.769629785269831	0.652857053516767	0.535761542158608
520077B1	0.52494529137128	0.724630244618683	0.822018948475994	0.887669604754724	0.937448009864546	1	0.7238346275373	0.776891310666078	0.754713922766315	0.658875337032352
520078B1	0.518026905366448	0.712051443448508	0.810523275536687	0.885046493737014	0.938718978743223	1	0.743129115491391	0.799066588171305	0.800086233022341	0.762024563301218
520079B1	0.402678726971888	0.684323859245579	0.741602882856473	0.812294240723688	0.871606609983012	1	0.699759267641938	0.699607873365888	0.823275567042676	0.752059410387796
520080B1	0.532817616743984	0.924146496662097	0.999435420768942	0.968518950757883	0.944609616682655	1	0.673346134794591	0.671283089569382	0.415708243412012	0.264021947093849
520081B1	0.417308368112335	0.741557794966144	0.801456285337824	0.907702644890099	0.912460433658664	1	0.735822494586655	0.744816123441945	0.833167788245322	0.764353415571632
520082B1	0.591498876586474	0.7606256722434	0.890089544379356	0.955114770941336	0.971209352601603	1	0.734512912609214	0.811108164814733	0.62131002990584	0.528972801012395
520083B1	0.677140600343734	0.908930693424422	0.995406029414941	0.985343625750654	1	0.961583155959317	0.674438864858644	0.708103537580882	0.413129271902918	0.295952378759864
520084B1	0.576774534899896	0.756696106622391	0.889022138941648	0.94328036887944	0.975373472125114	1	0.745262772263019	0.838849176871255	0.72525604706321	0.684811193151712
520085B1	0.555975341834901	0.787937076645548	0.865020732288083	0.937170943314482	0.9808852273586	1	0.76004504927907	0.776799259806503	0.670494366997535	0.572206038270032
620087B1	0.473655444257254	0.711520641475106	0.817658381379916	0.90325012702312	0.942667316541113	1	0.726901476600743	0.76522530758601	0.711085487324625	0.632919230389578
620088B1	0.530278433224522	0.750208567785805	0.86445506901198	0.958479043889352	0.983223358316998	1	0.751645844394703	0.822250018236182	0.78673485624231	0.738103388078624
620121B1	0.410231213952096	0.664857864486126	0.746280123076627	0.796293572289822	0.893359033388823	1	0.689538515961609	0.73750363681619	0.738726582171814	0.659578943195119
620122B1	0.60571441984626	0.798062234598349	0.875173561620552	0.902672313810229	0.926125876268953	1	0.711984269540662	0.755065807476346	0.698190501879564	0.622855813616998
620123B1	0.577148401866563	0.774640399272918	0.857771672077213	0.888323183992231	0.944265185212195	1	0.705479892279535	0.748250835537939	0.703050722444561	0.589706929174863
620124B1	0.555137672038065	0.818605749953027	0.902029512089	0.974808690705487	0.955764873687231	1	0.67775381494836	0.77427551489057	0.61382739142863	0.544024265423282
620125B1	0.595748072673317	0.879236432580191	0.958897421647535	1	0.960388144138765	0.958494118492657	0.664281534103687	0.706780866239118	0.436615797369212	0.331163698943167
620126B1	0.537090938273636	0.749663214064122	0.838100073092269	0.879619396833749	0.932777331954997	1	0.735915615765804	0.7657608780594	0.75023266000692	0.653748563465212
620127B1	0.549542203564003	0.765663052793365	0.840157862368401	0.888221846353927	0.915525741860097	1	0.718912917392473	0.75726974083964	0.689138403176406	0.612240506041351
620128B1	0.646175413117803	0.8909280528697	0.968283681130912	0.949706448531707	0.947243443247852	1	0.66754845747113	0.679880198772547	0.433717532870733	0.29454206690607
620129B1	0.575245199297992	0.77760328944314	0.850278218733878	0.958523162977163	0.941692264596955	1	0.797805536508639	0.858126561862909	0.84273397147802	0.807159974778362
620130B1	0.734950255278635	0.953114646427862	0.880286714538087	1	0.828067136186004	0.878101422050594	0.763015927915113	0.539845931750225	0.468438714256195	0.34202006681071
620089B1	0.517710672133182	0.71881677948407	0.798177451441286	0.854435445435351	0.920242072615502	1	0.732589728388329	0.728096820571224	0.745581558151624	0.612402834529585
620090B1	0.60224297210493	0.783657671454197	0.89066841930913	0.955213831261619	0.930814547884481	1	0.79704636848976	0.731935738682937	0.800400275224463	0.696035335097383
620091B1	0.622891835833664	0.836207433112444	0.967552736261586	1	0.977420064850046	0.998341665272934	0.796011234047894	0.822503721031495	0.77751342411333	0.677601103439089
620092B1	0.649672566238986	0.846193952563255	0.969249160510364	1	0.97342857072901	0.969676843347679	0.747462237547027	0.794264428044615	0.598457656083692	0.501016629876399
310001T1	0.698670371743572	0.901948745477248	0.975553295919641	0.948701117724435	0.990769659293006	1	0.732817057445029	0.802967081864562	0.707202807173679	0.590375559598338
310002T1	0.618888063580117	0.80846678893086	0.899016891531921	0.946062573668293	0.974440796955	1	0.748604524203986	0.8029106624561	0.665811045874777	0.552916161540972
310003T1	0.671146019203588	0.856765657085335	0.948481968778172	0.923099140250235	0.949411838817226	1	0.703387307938592	0.748346258169126	0.669860546105063	0.558471081341424
310004T1	0.561218353384771	0.769498988628528	0.878939368136738	0.909803419593937	0.935115563447036	1	0.707794431789058	0.68211125763754	0.56273826477053	0.452878185549377
310005T1	0.727460813724218	0.922177259984608	1	0.928267431966723	0.965512856843719	0.991959902224661	0.713826269952976	0.750823849211445	0.655072313614587	0.537833915838297
310006T1	0.630524615221504	0.859453827009153	0.9748171459834	0.982490357176344	0.993387373988139	1	0.700553325725153	0.714709942705514	0.581462121954995	0.477086386798102
310007T1	0.686850214298172	0.875357650984575	0.972838153726344	0.964899935394323	0.979619728926833	1	0.690708372136038	0.740972569459053	0.586026124042843	0.520099631403591
310008T1	0.651149603741927	0.837194120586003	0.94452661663539	0.962002912696998	0.96665474088936	1	0.716644621270196	0.758942441308174	0.612307310703821	0.529335610456401
310009T1	0.525786712387329	0.730260924587322	0.825487534920198	0.86756827303613	0.929757304732316	1	0.69311504697747	0.710244466868999	0.648062340734859	0.549856248641821
310010T1	0.500686106705429	0.719208148602041	0.81151490594299	0.823888336340005	0.899241882367936	1	0.68363716372464	0.737336430784365	0.735154278847398	0.666636762720094
310011T1	0.477297851866222	0.699722943450843	0.811097746455829	0.868618309751087	0.937813320566264	1	0.702122182698897	0.742728604351578	0.657466996170167	0.560636853313696
310012T1	0.489313905804587	0.697796355478286	0.818734413439271	0.891546231701459	0.93347051183185	1	0.723696906919741	0.757939535634744	0.690326059085616	0.609424867388009
310013T1	0.518264150512712	0.720918079409547	0.814393798876259	0.865578362611002	0.918740753960845	1	0.717433211163445	0.763228463034726	0.716085045184766	0.634329170506954
310014T1	0.643402393561359	0.82952604961401	0.913422402549571	0.946750634238478	0.937880694554294	1	0.73484736525936	0.780028072193532	0.708804266965783	0.602467995003409
310015T1	0.724744635513523	0.912951191032867	0.994822573770517	0.978960984340522	1	0.993664275256986	0.699186098352036	0.775544185267913	0.683452694497776	0.602540910449529
310016T1	0.57181023708736	0.784351784026291	0.891748062697009	0.975828929090127	0.965192409304425	1	0.743145434925605	0.808940307343822	0.706840241201213	0.587957316893592
320001D1	0.784179083537946	0.868893600411547	0.889908385265733	1	0.926727860472092	0.999501011559642	0.867545466361598	0.715956174040011	0.862062751293096	0.694083871567735
320002D1	0.821443387590608	0.875905451981371	0.889744133319495	1	0.89607451918468	0.971861098233467	0.842877216148183	0.708608195143221	0.870657530771658	0.726047720984274
320003D1	0.750349526342771	0.843762601268083	0.872298083065406	1	0.872210061913447	0.953600789592335	0.858322804207626	0.685482636283217	0.811269682034105	0.648332469263276
320004D1	0.818103114727515	0.865015273580552	0.86068557892591	1	0.883419881756632	0.952509810227583	0.831789253328851	0.72161850682525	0.807623258899798	0.704940748160101
320005D1	0.775095324230427	0.856818641719838	0.877585980815784	1	0.930122180085739	0.993347888043861	0.892871730247393	0.653777131122892	0.874987102435751	0.70225515020044
320006D1	0.796832242479382	0.862640241540917	0.880803645768516	1	0.916988577925641	0.945392955561083	0.852963096301588	0.789670897191349	0.855230698228898	0.730605305703544
320007D1	0.724071007108558	0.834159485334106	0.916265056012481	1	0.924902735466747	0.97893840567656	0.859001693012916	0.82255018286742	0.857140449489377	0.738739416915959
320008D1	0.717905085312891	0.838249466374933	0.907568639550252	1	0.930796934178205	0.947890477382701	0.86521970003881	0.778614662659608	0.847776039367559	0.743513595954294
720095B1	0.581752049032879	0.799330037797797	0.875014174286161	0.92161334316148	0.954525638191386	1	0.723446866838491	0.752871037656932	0.685467027208931	0.5871078172382
720096B1	0.598071000302846	0.809887199628975	0.902498501560103	0.927577012135269	0.952332121369787	1	0.727459899814746	0.765620249601722	0.669895384235953	0.566959030443332
720097B1	0.58883142601627	0.798399917055719	0.874467369064259	0.907376829066855	0.915708635287074	1	0.74549100096648	0.715301842563465	0.699267339327927	0.573514020557235
720098B1	0.620420379712923	0.830111724512088	0.922369235049607	0.968076442679264	0.971452351871916	1	0.749908373144515	0.746920290133228	0.694211718967366	0.569481589729193
720099B1	0.786700225629449	0.933795647880395	0.904549160550096	1	0.854702459226513	0.831652503471503	0.790988361720782	0.595139226719217	0.478121293692247	0.31729210140588
720100B1	0.67980305165875	0.897078679784881	0.950573915751528	1	0.932684606537572	0.90841793394409	0.680580206509091	0.701906087251739	0.462989067512585	0.33358043483491
720101B1	0.62790806440633	0.834820853522695	0.911312380833468	0.979648537355029	0.957893263288123	1	0.751576180225373	0.74366440026861	0.698911191553675	0.557936329825799
720102B1	0.678610477991036	0.89927385652501	0.956411927304414	1	0.931230461170898	0.942672495048802	0.706737652010155	0.670305277427052	0.499823856249473	0.350097127633919
720103B1	0.584325815805218	0.795373210346661	0.883287494570028	0.920893741423643	0.939044457431552	1	0.726400838681805	0.76752910379083	0.702228430796881	0.586510929832459
720104B1	0.574302199705805	0.788337816417125	0.864926629343401	0.916114105513832	0.935893752671159	1	0.739588294313183	0.751034937542196	0.732100003705815	0.630128769961548
720105B1	0.677885569834636	0.897445545705405	0.969841185096232	1	0.988458561963519	0.974828751275339	0.732411868521484	0.759831580306032	0.588954286496343	0.452655191653683
720106B1	0.666945592367011	0.908755516897424	0.966553499400395	0.984609300727976	0.983285786490544	1	0.737146916789911	0.718975588818427	0.572168637658965	0.416905503481963
720107B1	0.564493128766391	0.759729904446406	0.857991381045834	0.913164148353213	0.925001701154253	1	0.729340603643388	0.791359502012055	0.781633124122338	0.693049283437377
720108B1	0.653121863974287	0.869397434203247	0.92676915540494	0.990467301945456	1	0.990847467778813	0.777300127716288	0.745895876408133	0.730620198065954	0.571875304805405
820109B1	0.505580466047229	0.736197052931817	0.807456805683042	0.79897423366088	0.891462496078644	1	0.687165285119084	0.718652499523238	0.715041709977194	0.612895546549238
820110B1	0.585330949851037	0.805740332537758	0.878247982594688	0.911490627371043	0.946730975115717	1	0.750272790001909	0.775764253702692	0.756809776331307	0.63528909896222
820111B1	0.575935277947522	0.813895374764457	0.868732469436408	0.902559337629422	0.941874647498927	1	0.740692139665851	0.764016522425556	0.703509627356299	0.577456541820554
820112B1	0.544284315866952	0.75405946510256	0.851325186275904	0.863424146581654	0.939601871742882	1	0.734341892790346	0.8065895612916	0.814671155274591	0.738909145689995
820113B1	0.527983429974715	0.737971677647566	0.836188582459857	0.873461971575676	0.930070153483555	1	0.741064823447995	0.791681798596378	0.792255739724193	0.724031174382112
820114B1	0.543552324256955	0.731824881322476	0.814026086367308	0.903038460152511	0.92280477970862	1	0.752564564344775	0.77578243485542	0.770726431607293	0.666793870598483
820115B1	0.486074311129895	0.698454104086831	0.775011360160399	0.801390841067548	0.87904795318228	1	0.710796561213471	0.764440313858778	0.797129184087851	0.715947579995725
820116B1	0.533898555614044	0.745628423096399	0.810959816727002	0.867062211320629	0.911553039868286	1	0.786176621893602	0.815678288268632	0.835028347703881	0.710670724737093
820117B1	0.498359715485259	0.709099874269002	0.787435830430799	0.812986429827828	0.892822086871317	1	0.697668321671736	0.749284859144323	0.754488775730324	0.668910091147716
820118B1	0.43279867615345	0.752537985170459	0.794524043439269	0.821961003458319	0.869512261775689	1	0.662882751185544	0.677057956516752	0.724869884316709	0.628262760378342
820119B1	0.507590190263499	0.71215495311044	0.801390702795177	0.83810376055993	0.918478950402929	1	0.723266824935215	0.78158257594789	0.796469347144791	0.724130590343407
820120B1	0.578543977076683	0.781770374381306	0.86703875047235	0.930778159527652	0.946595289670624	1	0.734860197404883	0.807588333559187	0.771695829615637	0.706421218434485
930001D1	0.573035089096772	0.767075970567726	0.859694951949784	0.824178763406197	0.905416489320707	1	0.709588948062981	0.729563338859526	0.727352601569065	0.601117728308255
930002D1	0.560408751026003	0.758893749181693	0.837293171845545	0.808584722813144	0.90208679448581	1	0.700657671791579	0.727050615465567	0.764881821508482	0.673072451116168
930003D1	0.576686646913488	0.768538722041258	0.846566836236744	0.871443229092661	0.952605921824609	1	0.733953236331406	0.808751398040432	0.750945946256694	0.64286722395414
930004D1	0.622805895471705	0.818760231790385	0.874435632254908	0.901109241879688	0.921689095635667	1	0.753011929414549	0.742310740706738	0.693590063034036	0.537624127360909
930005D1	0.0905491642210364	0.151694486021681	0.218077358439888	0.327845240191219	0.446334362895004	0.523032385000133	0.448151917459482	0.547844367696477	0.940177534669701	1
930006D1	0.656115771282671	0.823958092814975	0.834107476280302	0.94421675594276	0.936615595427289	1	0.835144987848499	0.83371626689413	0.801715093464132	0.678707687132628
930007D1	0.7055299725293	0.798056938095362	0.776475789867356	0.86857760793232	0.845768319392224	1	0.854452980477427	0.694326363874079	0.894793200643256	0.761749979247736
930008D1	0.263502647636476	0.313669617322156	0.382908244624452	0.525179189094132	0.583666092370772	0.67448774777497	0.60434611104448	0.658747043447565	0.950460955623366	1
930009D1	0.566838112261772	0.75140024322397	0.777832637334159	0.854745729135768	0.865590032490023	1	0.820306662166187	0.712380372755697	0.812271834005006	0.716528117722825
930010D1	0.823169547860444	0.97255974630927	0.939925390230989	0.995361730596281	0.857466492929772	1	0.894824858664236	0.518752696694832	0.589316338076358	0.437573605794889
310167T3	0.320032173060979	0.379721127465855	0.403094566220413	0.548367405862087	0.562320679868385	0.664385752850571	0.609818229070346	0.695568249218635	0.935012785009344	1
310168T3	0.657150339446167	0.716812879974681	0.725159325101959	0.885443636381959	0.911640140625295	0.97484621468964	0.854659823250763	1	0.960548115722372	0.896492623048443
310169T3	0.413287232346663	0.447510674954867	0.456861096364699	0.566187683801763	0.590420400384324	0.640795876935439	0.579227981687731	0.609509711320245	0.889987309428582	1
310144T3	0.798607100177075	0.814542392384907	0.890065324625347	1	0.945426859405551	0.863528398704223	0.781771814760298	0.761945828777645	0.728852533695736	0.824877744388658
310336T3	0.749759896874744	0.710391456893639	0.675902550717693	0.980187837763962	0.894648192005869	0.920663582883108	0.617684123546937	0.832360754716383	1	0.54254824100398
310172T3	0.660042841939237	0.670580780695787	0.588816777296246	0.791544175481667	0.80483212015745	0.699021460686587	0.687773747846781	0.691723334210613	1	0.94885227390231
310055T3	0.434527372566671	0.547416396188685	0.617327799649414	0.778692673385056	1	0.583335085713358	0.745320248532419	0.754482985061291	0.9912610825479	0.860464050071028
310054T3	0.46971822395419	0.64241451852234	0.650909553271836	1	0.525767336711476	0.583513037575108	0.594600613516544	0.409925725087519	0.513851995812414	0.646548992580845
310030T3	0.720330343162209	0.61641899858545	0.794891501880523	1	0.668679599769005	0.521925330251593	0.536298862487548	0.611350849229646	0.936814452590041	0.796522568813321
310194T3	0.736041560256504	0.61759107655058	0.963694436067157	0.91628950628519	0.784162381791898	0.683492582933469	0.644675880205055	0.843969322523472	1	0.534153628352219
310076T3	0.612347879569499	0.811225758510593	0.815672183523264	0.983454808506809	1	0.894353384057745	0.871950576932849	0.939116341636018	0.919979298563474	0.716305604754949
310170T3	0.524546591091659	0.590013816650017	0.577201256246702	1	0.920319246371432	0.665837129570398	0.634077501611215	0.740931787690665	0.668401352086793	0.790464244543903
310146T3	0.536559687220987	0.579063673956029	0.77256390897663	1	0.387650708148352	0.666547638486351	0.569150913426255	0.809634521406997	0.643212225770191	0.707371159838856
310323T3	0.594580371758558	0.347137466967729	0.64416862746603	0.681710317660479	0.600322330901044	0.668514560363623	0.636324791625693	0.647476120616669	1	0.747773506112581
310174T3	0.755017970839682	0.586946108498752	0.642312519661542	0.959711015800125	0.820572760098919	1	0.882277566645276	0.861635668732261	0.947764531615535	0.946090712059427
310173T3	0.762141882989089	0.675519687417912	0.760347918277686	1	0.75243299660807	0.883802475901207	0.672028864879856	0.992882751809667	0.913781368001549	0.681046522517905
310313T3	0.76813178335532	0.682902642654589	0.890961983595905	0.943990329045029	0.761715401583935	0.994022025137921	0.940195437766543	0.78409434627559	1	0.774762161338818
310040T3	0.558717695326393	0.582617312001494	0.776124672758767	0.791819215699659	0.894929265021263	0.719500730532986	0.75095321794376	1	0.802652491917803	0.747560423986144
310257T3	0.537610903358962	0.602026488752925	0.723617537361283	0.942465684447156	1	0.692320005156277	0.766969372522656	0.888368667142755	0.964253330684259	0.934197394390827
310192T3	0.69151904929184	0.796994698790842	0.827020114097293	0.90310518710891	0.933979483786307	0.694804876464549	0.905857111611316	0.827698286774535	1	0.906602197968894
310031T3	0.589581302050155	0.71887718604007	0.730629955001177	0.839395291386041	1	0.847954265721153	0.680928653054438	0.659731807929868	0.742294004935168	0.682495105781316
310287T3	0.638600557591194	0.780877897565327	0.951170145127025	0.941229846021467	0.967446938865566	1	0.72779144704287	0.949996682108695	0.893039987818969	0.905988461080144
310304T3	0.798793933378781	0.713868194365799	0.704587977576332	0.844257011203355	0.841703733232292	1	0.872826155590044	0.673177920698039	0.983503483473596	0.918474941633444
310282T3	0.671419327186429	0.878919673359369	0.96540290757253	0.998301178323676	0.954131753179482	1	0.800591233003131	0.65466404449855	0.63336414392173	0.456599796652107
310222T3	0.925689661784063	1	0.90388518520847	0.976432501530278	0.80986989601244	0.809731903222912	0.716507718044562	0.578658810830299	0.629778157380584	0.513576347599233
930011D1	0.446516678849845	0.669713220342604	0.744851303979488	0.803246152655037	0.837038960013381	1	0.704713858140105	0.508737839251416	0.571266369468144	0.492205979888876
930012D1	0.455156218387233	0.701045679723228	0.826062423122106	0.864550104565732	0.914170764301393	1	0.665348992673016	0.607535475711637	0.616788775445144	0.491096927485846
930013D1	0.43628496148467	0.698808876433464	0.829546155612904	0.860208917044681	0.92442240018354	1	0.64387584538558	0.664920064230665	0.566113693049962	0.457285982845831
930014D1	0.499937727624446	0.711491814361151	0.798092100075091	0.827831113049913	0.896375018982389	1	0.701394339777449	0.695420034129748	0.716911245316518	0.626051743670764
930015D1	0.574867139330986	0.774150363660894	0.876757032305906	0.891676696038148	0.936640606243013	1	0.703874692493458	0.771318540871437	0.74754206158494	0.658756032489137
930016D1	0.595935776177751	0.838663888098845	0.865507375230067	0.901951405464145	0.858835197892838	1	0.797195045195994	0.536301929642544	0.613014134942436	0.42147580235046
930017D1	0.408700909166362	0.605012517157322	0.705681286035543	0.769282092618865	0.849183908278416	1	0.693997343161882	0.566322764244135	0.613010724616529	0.507643610279197
930018D1	0.60024923584805	0.784130096829922	0.842287252544819	0.904268339982962	0.871299402600401	1	0.776301735747843	0.643591013821224	0.776105070951272	0.65022093999322
930019D1	0.652122254692398	0.862594170300256	0.90627083720436	0.934957733557699	0.904423696944313	1	0.754181245185186	0.677119493974714	0.635060111630917	0.510841381133975
930020D1	0.736050181649749	0.880920410198744	0.940980530399104	1	0.875478831171783	0.76108023558934	0.763565184263277	0.720508683686785	0.668039939797758	0.684898497543977
930021D1	0.539559559271492	0.711593487150307	0.758138625583726	1	0.766839181146586	0.877306087688278	0.614622383686523	0.818653515924869	0.851772978665708	0.798206422304486
930022D1	0.612620393432775	0.73300049032289	0.900948849125822	0.986683853872864	1	0.932107802209022	0.787388827158167	0.843644254411192	0.812581911817394	0.733325655183846
930023D1	0.496063579085757	0.633329127476398	0.640867914451193	0.930006650925882	0.895179760830947	1	0.698591890559233	0.744880849381204	0.871393397859059	0.660023755397136
930024D1	0.678745348962026	0.781643496770832	0.979684749685527	0.977772575912716	1	0.947779112561694	0.71255235918114	0.787761006843042	0.920520055482245	0.660375365817159
930025D1	0.691874075453977	0.859266399044849	0.963893188553602	1	0.964320213327954	0.826261403913157	0.760807169807702	0.90215941555971	0.953954335150251	0.872702390340905
930026D1	0.646686254146313	0.595478181910687	0.706975262553316	1	0.944007866553561	0.839179440165395	0.746896330560953	0.707554996103175	0.752792192681763	0.823794350908965
930027D1	0.613791758750055	0.713537397773982	0.888054307149528	0.890841051877447	0.890337993396933	1	0.66717771178525	0.791619002134787	0.761265983212633	0.639227948846076
930028D1	0.64554563111228	0.788505963024048	0.767873570962057	0.840124394319591	1	0.941612561234159	0.625030496185096	0.827179614775541	0.932902617003817	0.74640820379541
101001T1	0.621894380288145	0.85647216410548	0.920289956137052	0.978281239761954	0.921823092632651	1	0.77166106633758	0.660396156444976	0.608511226436951	0.424153466658039
101002T1	0.577296537589358	0.783221231100051	0.871180259105341	0.900871581213614	0.929723088853803	1	0.717928070026341	0.775604443580508	0.760905428008693	0.71693238077304
101003T1	0.529001321290184	0.740489626356973	0.815730276873832	0.833273864815174	0.920147848180751	1	0.709141715307766	0.744484133909228	0.758388080552753	0.68890028008213
101004T1	0.574933056896312	0.79874191217526	0.875625858251655	0.904524747478475	0.95605371009862	1	0.712031895442047	0.754739838371797	0.647861262655483	0.518532087901172
101005T1	0.560018158857092	0.760890443248669	0.845843735501235	0.882956230622597	0.937566871414065	1	0.716306187534628	0.764134845415237	0.724713736357182	0.630445437677415
101006T1	0.527293993624792	0.738712539855144	0.802345174788048	0.875318327505667	0.949481147641638	1	0.753578828011647	0.80239588988844	0.82696472055306	0.77926300719709
101007T1	0.527298469195667	0.710207320967344	0.793922996678397	0.889984897151207	0.922699506897457	1	0.789957671119458	0.744627916879133	0.830381259033825	0.719255718829652
101008T1	0.620039684752938	0.799812942464029	0.871924616101446	0.94383276310603	0.974121372992842	1	0.735234673745703	0.7683100104817	0.701226587879406	0.566198821689885
101009T1	0.566165707338652	0.782336332287536	0.857083903402044	0.88464774431394	0.932281225887635	1	0.702960531395057	0.739605675084001	0.652076212993974	0.560642942757467
101010T1	0.518989115392118	0.734035366344988	0.810878012536643	0.846232309147382	0.899576988674302	1	0.708845496227608	0.706862101565585	0.712255289586073	0.590457292743121
101011T1	0.632734378373093	0.867933882334608	0.929992793873841	0.961545948868055	0.94486373339001	1	0.757134968577418	0.69948239152871	0.6062596912681	0.462712476292381
101012T1	0.574225523265536	0.801434883973097	0.851123815237685	0.915486286883591	0.920292724101511	1	0.741742040881403	0.742448148413355	0.68970395077649	0.551216175804138
101013T1	0.674051382991071	0.895818840292179	0.987066865554813	0.982741075573569	0.993242526631654	1	0.70895688390355	0.735895099104696	0.507282508143932	0.376154768823018
101014T1	0.63240138942217	0.827851152226417	0.923136410248146	0.957265090748926	0.949581393601289	1	0.71842912387187	0.769509136273535	0.680535825156115	0.590287860625246
101015T1	0.630597624980012	0.847267740874177	0.916162510083079	0.955911806175506	0.976498277849824	1	0.729796401092308	0.801884590897205	0.706170853291857	0.636072847100537
101016T1	0.528541761461896	0.729865662996006	0.806978759648567	0.889375707351495	0.931549623182156	1	0.740430921701316	0.811021655890552	0.813357773923271	0.789950929733783
101017T1	0.511529484188967	0.717468601762526	0.780770499326815	0.854246642449742	0.885477800705694	1	0.751949813944745	0.6866662878141	0.732810667577499	0.572773383708991
101018T1	0.588717534718309	0.819482545160771	0.896944072429411	0.89348526874059	0.933411783578988	1	0.694866206501385	0.716170371266942	0.589198718580806	0.468350388304835
101019T1	0.504801691288399	0.702947181945825	0.791312577196745	0.826788989788163	0.897314777311082	1	0.708770267193965	0.735142813956089	0.723917961869083	0.605413919463319
101020T1	0.536996034131087	0.744229636684537	0.823428994433813	0.836805761710579	0.906988279923217	1	0.697538754521145	0.731946933478728	0.719935724912661	0.605478615212555
120021B1	0.715994326086634	0.816387677613236	0.846848491773643	1	0.828633381788735	0.890971376832218	0.851730450775585	0.660123428939493	0.687589781548391	0.559711038013001
