CGTATCTC	TTACCGAC	AGTGACCT	TCGGATTC	CAAGGTAC	TCCTCATG	GTCAGTCA	CGAATACG	TCTAGGAG	CGCAACTA	CTCGACTT	TACTCCAG	GGAAGAGA	GCGTTAGA	ATCTGACC	AACCAGAG	GTACCACA	GGTATAGG	CGAGAGAA	CAGCATAC	TCCACGTT	CAACACAG	GCCTTAAC	GTAAGGTG	AGCTACCA	CTTCACTG	GGTTGAAC	GAATCACC	GGCAAGTT	GATCTTGC	CAATGCGA	GGTGTACA	TAGGAGCT	CGAATTGC	GTCCTAAG	CTTAGGAC	CAGGTTCA	GAACGAAG	CTCAGAAG	CATGAGCA	GACGAACT	AGACGCTA	ATAACGCC	GAATCCGT	CCGCTTAA	TACCTGCA	GTCGATTG	TATGGCAC	CTCGAACA	CAACTCCA	GTCATCGT	GGACATCA	TCATCTCC	GAGAGTAC	GTCGTTAC	GGAGGAAT	AGGAACAC	CAGTGCTT	TCGTCTGA	AGCCTATC	CTGTACCA	AGACCTTG	AGGATAGC	CCTTCCAT	GTCCTTGA	TGCGTAAC	TTCCAGGT	AAGACACC	CCAGTTGA	TGGTGAAG	AAGACCGT	TTGCGAGA	GCAATTCC	TACGGTCT	CCAGTATC	TCTACGCA	GTAACCGA	GACGTCAT	CTTACAGC	TCCATTGC	AGCGAGAT	CAATAGCC
5	58	51	58	24	19	13	16	11	9	238	268	387	360	393	394	520	426	314	262	4292	5132	4517	5067	3061	4339	4005	3164	3563	3519	3292	2622	4448	3914	3542	3730	3053	3251	3257	3043	2773	2607	2577	3348	3672	3126	3311	2976	3196	2508	2668	2483	7	273	280	343	150	0	187	377	419	173	5	251	482	245	121	1126	2360	2735	2749	2498	946	2608	2614	2979	2599	967	2165	2633	2908	2893
10119	22779	29448	33481	38032	39458	37997	38459	37556	25101	1968	2583	2766	2919	2564	2578	2607	2311	2311	2097	15981	18433	18458	19848	8925	18825	16788	27466	28011	36675	39754	24702	21187	17807	15318	16077	14633	17127	19505	20970	20372	17638	17370	27228	23639	36824	38904	30008	26163	17547	16366	15913	1517	77681	74388	79797	34986	1447	58760	80682	83812	38994	1220	78631	87379	79377	47542	4137	16259	19700	20283	15527	4085	17478	20284	24705	16055	3814	16096	20206	23488	17133
1895	10932	13418	15532	15933	16202	15200	14781	14638	6229	1364	1529	1816	1786	1762	1694	1776	1418	1452	1389	7721	8634	8701	9653	4495	9072	8261	19448	12991	14682	20313	13031	12082	8978	7352	7494	6694	7807	8773	9504	9620	8253	8419	19836	12105	14550	19544	16588	14278	8571	7399	6784	508	31385	28436	29929	13858	520	23175	31486	31073	14881	424	32642	35153	31919	16571	2559	9691	10566	11520	9113	2464	10780	11884	13633	9477	2425	9239	11788	13207	10067
5	205	219	195	126	76	48	29	21	5	133	155	149	139	136	107	130	124	97	113	4250	4571	3215	3383	1212	3109	3204	1298	3990	3252	3507	3236	3872	3538	3066	3814	3606	4279	3627	3122	2967	2611	2676	1444	3405	3033	3463	3921	4098	3159	3178	3271	11	3340	2889	2763	1228	12	2216	2879	2897	1219	14	3351	3154	2704	1348	406	2326	2257	2054	1397	388	2424	2316	2464	1515	381	2171	2278	2274	1655
6	85	98	74	73	45	33	43	19	18	193	113	126	168	189	214	205	189	171	185	2742	3307	3328	2849	2095	2658	2468	2895	2224	2347	2052	1990	2700	2408	2133	2393	2028	2167	2116	1848	1694	1501	1434	2936	2442	2011	1932	2069	2389	1802	1824	1707	34	1983	1507	1612	638	23	1198	1769	1923	750	22	1810	1528	1175	788	1075	1604	2130	2409	2572	993	1878	2191	2666	2647	961	1558	2173	2641	2794
5	160	188	164	86	56	29	19	21	4	191	153	213	240	205	206	231	231	204	199	5714	6014	5282	5228	2430	4748	4504	2198	1447	2388	2516	2194	5691	4832	4128	4770	3050	3062	3124	2447	2134	1946	2060	2101	2060	1917	2100	2772	3156	2149	2317	2228	21	2453	1988	1925	827	10	1696	2217	2174	863	12	2371	2509	1646	818	840	1743	2419	2173	2078	714	2155	2279	2632	2225	762	1547	2375	2504	2456
4219	25197	29498	33391	37082	35281	32106	32651	31895	13684	2370	2783	2869	3046	3046	2904	3049	2753	2804	2633	14170	15919	15084	16497	6285	16110	14885	34000	18355	25331	46145	31237	26658	18874	13919	14372	13125	15335	16978	18468	18978	16163	16455	33126	18920	25759	44079	38768	33573	20017	16099	15261	1305	76409	70961	72015	32183	1175	58794	76215	75859	34209	1022	76885	83521	77927	41781	4531	18936	21267	21551	17310	4417	19823	22481	25944	17140	4147	18512	22195	24923	18646
0	0	0	0	0	0	0	0	0	0	0	0	0	0	0	0	0	0	0	0	0	0	0	0	0	0	0	0	0	0	0	0	0	0	0	0	0	0	0	0	0	0	0	0	0	0	0	0	0	0	0	0	0	0	0	0	0	0	0	0	0	0	0	0	0	0	0	0	0	0	0	0	0	0	0	0	0	0	0	0	0	0
1145	5994	8291	9110	10175	9580	8408	8382	6476	3911	1792	2109	2301	2372	2071	2139	2161	1721	1851	1763	9542	10949	10844	12276	5320	11902	10940	33832	21405	24476	21766	11193	10379	9120	8405	9040	8347	9895	11857	12751	13089	11120	10828	34126	20707	24549	21088	14444	11919	8333	8355	8364	488	31144	27160	26751	9768	402	23665	30691	31669	11789	398	28254	29408	11943	14908	4089	13834	16253	15337	12504	3944	15444	16350	19014	12596	3726	13406	16640	17843	13670
5685	21904	25505	29444	32255	34161	31372	32874	34185	16464	2238	2700	2833	3044	2726	2767	2833	2505	2601	2512	12212	13788	14112	15578	6805	14614	13675	32484	24854	25586	37771	20657	17120	13443	11224	12105	11495	13757	15717	17444	17951	15271	14989	31968	19747	26316	37012	24699	20850	13774	12478	12938	1246	64598	53322	49144	19506	1008	51029	62764	52731	21549	885	66242	68657	55361	25880	4306	17846	18372	17275	13670	4394	18503	19489	20528	13595	3927	18699	19471	19714	14533
4312	29165	34720	39608	42599	39822	35075	34428	32177	13518	1702	3366	3394	3521	3279	3036	3152	2677	2699	2119	12544	14085	14082	15458	6901	15361	13482	44175	43947	43899	43370	22675	16265	13231	11557	12300	12378	15514	17746	19792	21102	18067	17614	44080	36058	47743	41146	28111	22610	14664	13575	14386	1547	91719	83798	89100	37746	1474	69932	93260	93110	41820	1328	93011	99664	89206	51946	4985	21648	24425	25058	20377	4753	22310	25434	30765	20020	4573	21764	25596	29445	21161
3200	8720	10721	11057	12576	11768	12136	14201	9653	8299	614	892	981	930	866	740	877	910	511	730	3232	3769	3686	5057	3633	4287	3951	5666	3582	5043	6060	4661	6743	4385	3015	3054	2353	2401	2445	2623	2500	2113	2054	5765	3798	4324	5789	5699	4891	2952	2394	2099	643	34269	28324	30426	12278	445	24941	34001	36712	16280	511	31716	29413	16999	18554	855	2471	3316	3242	2450	719	3042	3439	3678	2660	726	2325	3183	3663	2910
8	195	184	170	78	62	27	15	20	9	401	411	380	395	363	396	438	372	343	350	5041	5079	4910	5291	2206	5111	4959	3890	3774	4433	4954	5678	5981	5718	4995	5444	4805	5343	5695	6079	6229	5454	5605	3973	3174	4570	4880	6646	7456	6139	5889	6043	23	2392	1859	1526	537	15	1463	1720	1580	493	20	2449	2242	1859	423	2037	5804	5059	4926	5190	1973	5945	5161	5765	5179	1885	6097	5265	5352	5494
7	363	359	398	303	281	168	132	145	9	322	376	412	404	354	387	399	371	432	311	7579	7041	6375	6574	2402	6533	6359	4942	6648	6263	8385	8489	8580	7922	6942	7834	6648	6510	6663	6903	6989	6332	6526	4842	5597	6107	8274	9842	10060	7852	7510	7655	69	4734	4728	4748	1987	37	3293	4599	4735	1806	32	4834	5557	5328	1736	1486	5687	5883	5593	4672	1451	6007	5998	6759	4763	1343	5712	6049	6351	5111
11	568	493	506	384	269	168	95	82	10	230	223	268	235	290	245	236	232	241	246	5096	4872	4566	5031	2011	4849	4563	3355	3921	4676	3722	3921	5849	5327	4745	5233	3760	3757	3827	3888	3672	3474	3568	3514	3564	4334	3584	4693	5044	4019	4196	4110	50	6002	5480	5289	2517	33	3815	4986	5377	2471	36	6106	5659	5208	2722	1182	2701	3275	3374	3068	1185	3058	3124	3727	3170	1083	2682	3277	3657	3336
13	123	105	105	41	47	22	11	11	10	292	254	318	314	301	359	344	331	294	303	4698	4895	4648	5046	2154	4817	4648	4277	5104	4926	6032	6448	7090	6328	5180	4945	4014	4522	4817	5098	5060	4456	4717	4278	4341	4831	5903	7559	8193	6323	5600	5117	21	1231	1298	1478	463	4	847	1271	1505	450	8	1364	1574	1721	347	1436	4119	4316	4180	3855	1394	4376	4436	4929	3903	1356	4084	4349	4759	4151
0	0	0	0	0	0	0	0	0	0	0	0	0	0	0	0	0	0	0	0	0	0	0	0	0	0	0	0	0	0	0	0	0	0	0	0	0	0	0	0	0	0	0	0	0	0	0	0	0	0	0	0	0	0	0	0	0	0	0	0	0	0	0	0	0	0	0	0	0	0	0	0	0	0	0	0	0	0	0	0	0	0
1468	20916	25680	26856	29975	26383	25990	25896	11496	6167	3337	2458	2770	2991	3141	3109	3548	3237	2839	3571	5004	5727	7225	11648	6840	7476	6717	22928	6854	7340	7056	5640	12408	6406	5205	4184	2965	2984	3438	3628	3398	3156	3023	20582	6389	6909	6277	6212	5604	3629	3729	2743	1273	78494	58133	55480	19112	812	54254	69360	59542	26380	978	74399	66324	14761	31358	3657	4806	6220	6447	7765	3687	5458	6007	7604	8328	3396	4895	6053	7641	8575
118	1347	1430	1321	1047	803	607	646	435	292	603	493	600	650	667	645	706	742	626	668	1470	1582	1239	1185	441	1123	1070	458	864	951	1008	1097	1460	1309	1076	1269	1082	1280	1126	878	752	745	771	476	912	882	943	1158	1283	1054	1038	959	11	1314	1102	1077	524	10	828	1033	1250	566	11	1250	1154	952	609	213	587	731	718	640	197	631	706	774	636	204	584	660	791	725
92	1332	1384	1497	1250	1094	894	806	715	234	390	336	354	389	381	407	449	384	402	428	695	787	601	545	200	523	539	434	614	580	574	638	752	651	567	646	630	670	651	549	519	413	495	458	593	482	609	759	763	633	595	564	5	560	464	517	198	5	408	536	499	248	6	598	529	481	259	153	379	430	395	439	115	428	437	492	410	131	387	427	443	435
0	0	0	0	0	0	0	0	0	0	0	0	0	0	0	0	0	0	0	0	0	0	0	0	0	0	0	0	0	0	0	0	0	0	0	0	0	0	0	0	0	0	0	0	0	0	0	0	0	0	0	0	0	0	0	0	0	0	0	0	0	0	0	0	0	0	0	0	0	0	0	0	0	0	0	0	0	0	0	0	0	0
0	0	0	0	0	0	0	0	0	0	0	0	0	0	0	0	0	0	0	0	0	0	0	0	0	0	0	0	0	0	0	0	0	0	0	0	0	0	0	0	0	0	0	0	0	0	0	0	0	0	0	0	0	0	0	0	0	0	0	0	0	0	0	0	0	0	0	0	0	0	0	0	0	0	0	0	0	0	0	0	0	0
22	326	301	272	80	79	31	23	33	39	1044	1069	1259	1318	1359	1324	1485	1335	1211	1262	1338	1526	1287	1265	540	1137	1173	822	1303	1180	1075	1063	1291	1304	1083	1290	1112	1297	1279	1217	1004	941	1007	848	1108	1049	1009	1284	1404	1155	1165	1155	2	148	136	137	56	0	99	166	177	59	0	154	189	151	53	345	856	892	931	795	318	1003	928	999	860	320	937	900	954	862
0	0	0	0	0	0	0	0	0	0	0	0	0	0	0	0	0	0	0	0	0	0	0	0	0	0	0	0	0	0	0	0	0	0	0	0	0	0	0	0	0	0	0	0	0	0	0	0	0	0	0	0	0	0	0	0	0	0	0	0	0	0	0	0	0	0	0	0	0	0	0	0	0	0	0	0	0	0	0	0	0	0
233721	29330	32690	37073	58851	81889	109491	142228	139096	236174	34190	39271	30757	28607	27008	25245	24673	29803	29254	30841	55	96	77	104	89	122	149	97	33	50	128	30	57	53	38	48	81154	119742	162127	177142	200594	240305	229105	7532	19089	45709	12331	27400	36202	37419	51822	61321	406694	28726	43055	50334	194581	310666	21033	35978	72778	205185	359837	22834	37020	39877	179863	313371	14118	22615	22198	64616	258471	15030	18883	29591	66427	283360	10528	19325	26426	66921
18	384	405	313	280	182	149	120	69	36	450	616	679	686	671	639	674	642	515	570	4442	4334	3812	4551	1570	4320	3908	5160	5958	6670	2833	2708	3579	3646	3244	4453	3791	3517	3880	3967	3582	3226	3030	5405	6202	6109	2761	3040	3599	3081	3434	3815	49	3418	3356	2467	1746	40	3162	3082	2883	1635	44	3286	3370	2948	1829	1202	4451	4247	3668	3156	1091	4871	4316	4171	3255	1057	4379	4297	3957	3593
0	0	0	0	0	0	0	0	0	0	0	0	0	0	0	0	0	0	0	0	0	0	0	0	0	0	0	0	0	0	0	0	0	0	0	0	0	0	0	0	0	0	0	0	0	0	0	0	0	0	0	0	0	0	0	0	0	0	0	0	0	0	0	0	0	0	0	0	0	0	0	0	0	0	0	0	0	0	0	0	0	0
0	0	0	0	0	0	0	0	0	0	0	0	0	0	0	0	0	0	0	0	0	0	0	0	0	0	0	0	0	0	0	0	0	0	0	0	0	0	0	0	0	0	0	0	0	0	0	0	0	0	0	0	0	0	0	0	0	0	0	0	0	0	0	0	0	0	0	0	0	0	0	0	0	0	0	0	0	0	0	0	0	0
0	0	0	0	0	0	0	0	0	0	0	0	0	0	0	0	0	0	0	0	0	0	0	0	0	0	0	0	0	0	0	0	0	0	0	0	0	0	0	0	0	0	0	0	0	0	0	0	0	0	0	0	0	0	0	0	0	0	0	0	0	0	0	0	0	0	0	0	0	0	0	0	0	0	0	0	0	0	0	0	0	0
78	929	862	757	604	471	305	239	214	90	868	1258	1390	1388	1288	1163	1268	995	1095	985	4519	4377	4219	4579	1657	4497	4115	6231	5194	5613	3437	3439	3936	4099	4131	4856	4052	3998	4322	4392	4342	3887	3923	6047	4749	5405	3526	4038	4444	3857	4343	4685	45	2792	2608	2132	1618	40	2396	2356	2393	1510	32	2563	2725	2465	1712	1921	4555	4407	4473	4835	1873	4963	4574	5265	4974	1793	4540	4537	4920	5170
16	286	274	223	205	156	113	71	73	23	235	536	554	575	536	495	509	461	370	344	3300	2960	2644	3014	1160	2856	2782	2409	1831	2591	2119	2093	3150	3029	2724	3394	2740	2465	2385	2250	2169	1974	2002	2387	1956	2263	2053	2506	2861	2349	2317	2479	19	1371	1217	980	713	20	1157	1216	1151	675	17	1292	1317	1027	808	839	1891	2039	1933	1853	750	2200	2037	2176	2041	713	1822	2051	2045	2206
0	0	0	0	0	0	0	0	0	0	0	0	0	0	0	0	0	0	0	0	0	0	0	0	0	0	0	0	0	0	0	0	0	0	0	0	0	0	0	0	0	0	0	0	0	0	0	0	0	0	0	0	0	0	0	0	0	0	0	0	0	0	0	0	0	0	0	0	0	0	0	0	0	0	0	0	0	0	0	0	0	0
44602	5313	5716	6725	10277	15238	20615	26072	26713	44146	5548	6630	5094	4864	4421	4310	4371	4937	4781	4873	5	8	2	4	9	0	4	16	8	5	25	5	12	4	3	1	13125	19787	26305	29555	34495	41781	39985	1088	2755	6698	1955	4073	5569	5667	8180	9623	62958	3974	5998	7048	29905	51226	2883	4894	9566	29970	53469	3276	5492	6816	26964	53890	2374	3642	3704	11021	45129	2471	3095	5014	10835	49525	1757	3224	4341	10865
31	437	492	451	378	300	201	148	133	72	583	564	754	772	736	695	776	651	580	649	8612	7279	6342	6966	2408	7096	6981	5860	5279	6403	8651	9025	10334	9340	7875	9243	7550	6648	6510	6331	6303	5529	6324	5901	5262	6245	8917	11150	11364	8392	8098	8488	69	4613	4823	4117	2606	43	3943	4547	4626	2377	66	4571	5279	4733	2714	1919	5975	6226	5632	5199	1679	6547	6350	6659	5158	1680	5668	6313	6063	5684
11	125	149	119	117	80	72	51	39	20	264	201	202	220	235	219	235	243	238	249	1935	1791	1943	2435	1023	1856	1859	1988	1120	1465	825	813	2627	2057	1688	1678	1077	953	979	942	880	708	750	1854	1411	1222	720	1082	1183	969	1038	978	43	2666	1979	1701	1255	32	2157	1971	1978	1255	43	2382	1968	902	1380	675	1375	1548	1700	1750	711	1586	1642	1934	1910	678	1262	1511	1851	2216
38	489	521	453	381	238	193	178	100	58	702	919	923	939	935	786	905	924	699	891	1033	977	851	1005	434	904	857	1134	804	944	543	436	851	823	716	878	668	679	550	560	451	410	426	1112	959	755	502	504	544	516	547	522	16	746	659	508	310	10	639	605	621	328	10	665	637	366	345	255	613	722	647	584	270	746	688	722	682	267	603	712	647	712
23	226	225	168	137	117	101	80	55	25	292	498	454	417	415	354	391	403	301	323	455	530	417	423	231	421	363	391	383	477	264	235	365	355	328	437	371	353	313	311	278	212	225	418	372	440	292	261	304	236	283	319	8	367	287	256	150	3	318	305	294	140	3	333	256	160	162	145	318	357	314	296	108	350	354	335	329	100	305	321	317	352
41	582	635	482	433	344	217	170	127	53	750	939	990	982	989	950	1005	893	779	804	1221	1127	929	996	326	969	944	1074	886	1049	684	535	789	906	871	972	888	912	736	686	646	532	674	1131	1081	909	661	615	724	638	701	752	10	687	652	527	351	8	623	637	585	277	5	600	690	531	324	282	754	829	738	690	261	850	834	846	721	257	690	829	783	781
26	1249	1082	965	748	518	337	247	216	46	388	1682	1618	1606	1492	1318	1339	1094	1108	558	1420	1329	1165	1297	478	1372	1318	1284	743	976	602	996	1567	1822	1656	1791	1518	1314	1422	1305	1281	1215	1345	1226	736	936	632	1072	1758	1882	1946	1959	22	1149	838	648	602	17	1020	726	716	503	10	1160	826	774	599	689	1944	1510	1465	1641	653	1913	1547	1743	1606	586	2040	1567	1536	1681
2801	249	355	395	648	938	1327	1633	1619	2826	292	364	306	280	253	255	295	307	267	286	4	8	5	4	0	3	2	13	6	7	1	5	4	3	4	2	1524	2427	3134	3792	4560	5390	5094	110	297	881	235	527	638	786	1021	1292	6954	423	658	731	3210	5624	278	517	1073	3227	6016	353	579	743	2831	6923	295	397	457	1338	5894	277	336	587	1347	6075	239	389	514	1250
11	153	168	143	123	108	83	55	37	24	233	244	268	250	261	266	271	221	169	224	272	257	236	262	104	247	256	122	59	94	73	146	373	458	392	342	255	210	154	156	139	126	173	114	82	82	76	159	266	320	322	269	3	175	176	129	82	5	141	141	126	76	0	158	153	82	81	45	176	152	125	106	59	174	159	132	116	45	120	156	113	134
11	153	150	105	113	89	57	52	30	23	131	201	262	277	252	205	239	202	178	171	200	199	174	196	105	195	169	81	54	119	100	65	200	174	165	161	111	91	92	73	76	83	89	81	96	114	90	75	99	73	90	87	1	136	126	84	77	3	115	125	133	66	0	120	143	84	80	42	78	91	85	75	22	88	75	90	80	32	64	71	99	96
15	229	203	184	172	131	84	70	55	21	182	326	324	329	347	290	332	272	260	230	411	366	296	271	122	290	328	445	333	280	174	226	359	441	387	417	395	332	356	351	344	345	347	427	227	287	197	299	438	423	399	399	5	224	179	148	156	3	234	175	167	114	5	239	216	206	137	152	433	373	343	367	160	428	425	489	414	147	447	412	389	418
19	280	261	222	215	148	117	92	64	32	201	488	520	469	495	410	405	403	307	236	686	574	456	497	236	533	539	198	126	228	215	250	780	751	598	650	370	346	304	269	260	252	255	200	184	196	201	327	448	339	408	322	2	343	326	236	156	3	260	267	267	138	5	342	353	200	210	65	276	270	207	195	67	314	294	275	228	62	273	268	234	271
50	1056	1043	827	733	543	396	258	224	82	591	1406	1459	1463	1378	1258	1337	1126	936	773	2010	1720	1467	1509	564	1617	1697	1248	832	1138	853	1242	2151	2372	2084	2135	1882	1556	1481	1406	1434	1373	1561	1282	868	1064	839	1553	2377	2284	2237	1995	18	1341	984	796	624	19	1023	849	767	541	16	1204	1035	795	682	597	1826	1543	1410	1550	538	1980	1658	1620	1597	562	1822	1596	1532	1679
9	219	224	189	161	115	83	50	47	17	128	329	337	339	318	246	277	245	221	169	403	343	261	279	128	271	283	282	169	242	128	188	306	385	397	414	357	300	270	255	288	276	300	272	183	217	110	181	343	421	454	379	4	251	176	146	143	5	206	147	165	118	2	220	192	151	129	121	386	313	295	334	145	395	334	367	374	131	367	314	323	360
15	236	209	174	141	126	84	43	46	19	175	311	280	320	313	312	267	246	258	216	382	355	317	361	118	372	378	371	278	300	159	251	400	478	455	441	331	314	305	335	355	323	339	354	304	346	188	262	408	456	485	419	5	285	187	168	125	4	237	197	124	102	2	255	204	161	128	146	434	354	327	396	163	467	351	361	399	159	435	377	381	414
32	477	477	417	367	288	176	164	133	58	712	738	818	794	899	879	920	865	789	818	1233	1129	966	1103	423	1157	1059	957	711	978	969	968	1233	1279	1093	1365	992	849	887	830	815	691	784	942	906	868	898	1230	1240	1027	987	1039	15	856	753	592	377	6	735	685	679	390	11	829	716	564	381	290	1061	1033	941	795	283	1266	1007	1039	897	288	1018	1044	1018	976
371	6240	5937	5135	4270	3419	2381	1683	1437	628	8549	7817	8765	9411	9391	9251	9752	9014	8748	8910	13438	12112	11196	11851	4688	12082	11930	13647	12650	12712	15111	14742	15183	13926	13147	14735	12783	11784	11907	11958	12273	11148	11977	13907	11366	12952	15137	17268	18033	14111	13906	15131	161	7972	7972	6413	4254	119	7222	7358	7047	3864	98	7432	8819	7850	4584	4487	12036	11600	11591	11264	4304	12519	12486	13494	11515	4280	12635	12334	12562	12160
436	8418	7164	6555	5257	4097	2754	1966	1777	666	8150	10490	10751	11197	10802	10599	11010	9382	9669	8704	9938	9013	8041	8702	3519	8809	8788	8906	9727	9613	10047	9933	10466	9999	9610	10841	9467	8614	8733	8764	8659	8111	8726	8608	8465	9662	9975	11444	12652	10302	10237	11184	149	7781	6452	4945	3675	118	7093	6023	5483	3372	109	7691	7201	5984	3855	3440	11818	9958	9897	9782	3398	12290	10669	11146	9921	3049	12463	10803	10690	10539
331	10375	9486	8127	6497	4888	3150	2217	2009	631	5306	11793	12919	13485	12424	12241	12206	9765	9900	6706	7317	6821	6559	7131	2679	7332	6874	10756	7114	7862	7060	6585	7320	6970	6825	7781	6682	6447	6898	7399	7322	6812	7108	10514	6478	8076	7041	8019	8859	6975	7054	7928	248	9240	7402	6149	4669	170	8557	6941	6719	4091	144	9075	8042	7763	4919	4925	14504	12325	13114	13203	4915	15426	13269	15144	13037	4535	15702	13234	14405	14019
958	15437	14148	12537	10435	8133	5803	4097	3631	1592	14962	18563	19880	20620	19640	19475	20150	17364	17398	16598	15891	14140	12795	13452	5729	13626	13734	14477	12284	13840	18078	17318	18331	16995	15884	17663	14926	13286	13418	13073	13141	12172	13228	13996	11975	13408	18219	20974	21405	16046	15781	17123	201	10191	10432	8365	5687	168	9065	9481	9590	5157	175	9606	11530	9977	5978	3738	14061	13459	12323	11165	3568	15087	14054	14218	11262	3571	13975	14149	13401	12146
147	4352	4162	3684	2890	2386	1552	1053	1007	286	2403	5863	6893	6805	6436	5979	5963	4696	4750	3236	18752	16576	14269	14673	5296	14232	14402	8478	8515	8940	11709	15819	19498	20034	18781	20311	17595	17120	16717	16379	16382	14927	16284	8518	7061	9287	11707	18152	23161	20973	21286	21793	152	7900	8067	5894	4074	144	7175	7486	6567	3619	103	7480	8886	7616	4169	4051	11905	11345	10868	11085	4027	12586	12152	12620	10993	3561	12852	12328	12090	11367
1930	18642	17134	15333	13311	10621	8208	6274	5637	2922	35112	24455	25042	26494	26398	26155	27962	25583	26100	31510	17521	15124	13950	14926	5755	15231	14885	17549	12760	14674	17705	17144	19192	17325	16071	18857	16087	14070	14058	13926	13778	12510	13614	17071	13029	14409	17874	21003	21465	16438	16382	17622	222	13699	11834	9097	6415	191	12034	10875	10178	5829	184	12807	12763	10516	6831	5428	18982	17371	15512	15454	5311	20323	17778	18362	15523	5051	18865	17631	17139	16900
272	6402	5602	4883	3896	3134	2137	1479	1321	488	5355	7818	7748	8413	7693	7500	7578	6311	6629	5938	4915	4252	3958	4192	1577	4408	4386	5520	4498	4605	5618	5205	5081	4851	4756	5430	4884	4421	4436	4608	4775	4396	4865	5541	3746	4664	5668	6281	6501	5053	5186	5763	65	4030	3637	2854	2139	47	3508	3187	3127	1953	46	3740	3882	3489	2191	1716	6111	5156	4879	4997	1666	6207	5319	5695	4936	1578	6322	5539	5355	5158
398	2895	3043	2718	2595	1955	1439	1195	1001	565	7707	4319	4797	4979	5462	5045	5474	5447	5373	6849	9079	8685	8207	9242	3897	8867	8259	7320	7659	8457	7297	7445	10329	9324	7776	9573	7510	6433	6462	6419	6043	5395	5488	7492	7684	7487	7314	8678	9284	7492	7297	7164	99	5684	5457	4157	2497	77	4980	5136	5324	2514	75	5208	5039	3556	2860	2806	5880	6641	6566	6120	2492	6755	7027	6995	6372	2488	5492	6570	7084	7083
295	3433	3412	3034	2589	2098	1480	1094	933	412	5832	4910	5188	5325	5322	5080	5537	4853	5033	5457	5404	5865	5465	5811	2190	5487	5279	5545	6279	8539	9559	9288	9386	7873	6038	6092	4940	5269	5846	5867	5694	4920	5090	5697	5068	8866	9706	10830	10950	7767	6832	6172	76	3554	3944	4138	3161	77	3191	3562	4632	2980	46	3285	4276	4759	3325	2537	5672	6016	6651	6592	2366	6060	6241	7588	6594	2275	5910	6169	6985	6763
306	5695	6191	5075	4361	3106	2462	2010	1089	506	4275	9282	9830	8769	8476	6955	7815	7797	4880	5185	3270	3124	3379	4990	2682	4243	4122	2861	1499	2510	1524	1538	4631	3652	3793	3113	1921	1676	1785	1821	1655	1508	1582	2808	1805	2001	1464	1810	2429	1956	1928	1757	115	7551	5401	4391	2794	67	6152	5589	5436	3315	65	6794	5081	2057	3574	1117	2528	2924	2486	2510	1008	3210	2813	2864	2683	1012	2299	2696	2678	3043
587	8353	7607	6644	5669	4265	2926	2214	1917	816	12855	11175	11468	11770	11812	11585	12244	10943	11030	12362	11368	9716	8780	9182	3851	9716	10024	7976	4685	6304	4447	6901	14571	15871	13146	12300	9530	7941	7656	6966	7093	7156	7877	7710	5552	5757	4310	8473	13681	12779	12065	10203	144	8167	6296	4984	4004	117	7044	5695	5370	3823	108	7430	6705	5237	4229	3662	9972	9322	8331	8536	3353	11006	9003	9619	9173	3325	9038	9126	9176	9980
270	5088	4839	4216	3677	2838	2089	1491	1251	491	4336	6680	6651	6853	6458	6238	6237	5533	5313	4734	6483	5392	4629	4904	2025	5172	5445	4314	2369	3332	1797	2573	6034	7388	6771	6944	5268	4139	3745	3200	3352	3398	3650	4234	2703	2927	1725	3141	5237	5330	5464	4881	86	5073	3543	2938	2578	79	4570	3294	3015	2291	61	4884	3675	2829	2722	2054	5418	5100	4476	4634	1905	6378	4777	5085	4904	1972	4881	4697	4861	5576
1305	14490	13229	11607	9799	8000	5902	4533	4504	2072	15858	17937	18496	19544	18200	18073	18676	16057	16739	16100	12687	10840	9762	10603	4111	10893	10862	11990	12089	11426	15037	14310	13404	12851	11886	13940	12155	11007	11148	11272	12138	11087	11737	12576	9952	11880	14940	16671	17003	13281	13323	14993	140	9079	8626	6625	4909	126	8061	7760	7156	4420	135	8564	9172	8105	5116	4316	13803	11881	11048	11706	4194	13866	12439	13237	11441	3767	14460	12815	12124	11938
1173	20189	18230	15602	12744	9886	7052	4823	4597	1808	20571	23574	25052	25888	23938	24071	24624	20935	21448	21189	18095	15372	13965	14896	5859	15268	15447	17597	16857	15745	22400	21295	20430	18575	17308	20369	17602	15953	15747	16363	16798	15295	16981	17981	14072	16555	22494	24900	25464	19865	19583	21311	208	13004	12100	9240	6710	165	11178	10954	10329	6057	141	12044	13298	11294	7008	5567	19706	17326	15895	16115	5370	20224	17693	18731	15829	5007	20615	18108	17207	16711
223	5014	4670	3961	3301	2571	1762	1250	1111	430	4301	6589	6874	7127	6569	6386	6423	5505	5610	4680	4442	4507	4396	5024	1880	4917	4696	7349	7989	7697	4050	3603	4037	4287	4613	4825	3959	4184	4681	4893	4941	4385	4369	7798	7215	7535	3924	4099	4708	4196	4495	4863	73	3447	3896	3445	2441	61	3274	3335	3943	2219	49	3369	4030	4128	2525	2195	5355	5422	5579	5349	2078	5784	5460	6431	5691	1980	5372	5559	6058	5887
205	4935	4407	3675	3023	2153	1471	1018	859	356	4117	6372	6519	6542	6154	5880	5862	5151	5201	4485	6427	5716	5070	5527	2124	5513	5494	6838	6215	6038	7344	6884	6683	6374	6165	7126	6321	5694	5726	5731	5762	5316	5652	7094	5337	6238	7339	8265	8244	6520	6550	7302	69	4174	4088	3172	2192	61	3687	3624	3573	2010	44	3952	4379	3753	2290	2061	6082	5785	5317	5349	1958	6433	5855	6123	5353	1882	6384	5922	5828	5576
597	9849	9197	8018	6934	5268	3748	2853	2549	935	11517	13291	13913	14067	13974	13456	13467	11649	12905	11970	20225	19328	16244	16961	6162	17266	16249	14258	21033	19670	13951	12310	14027	15038	15081	18015	17403	19412	18296	17759	17318	15592	16404	15657	19320	19762	13795	14053	16538	15311	16226	18032	222	12907	10706	7788	6019	223	11465	9862	8850	5360	160	12245	11533	9770	6471	6538	20470	17834	17601	18168	6546	21784	18690	20710	18553	6170	21534	18709	19285	19395
480	6153	5868	5160	4305	3465	2501	1815	1693	779	9880	8403	8852	9439	9358	9110	9340	8501	8882	9534	14315	13996	11384	12124	4107	11801	11365	9732	11604	13226	9806	8548	9968	10578	10592	12668	12511	13682	12881	12065	11225	10043	10935	9939	11894	13807	9649	9805	11437	10279	11371	12322	196	9183	7450	5555	4245	136	8219	7160	6060	3924	126	8562	8101	6664	4636	4407	13781	12095	11893	12695	4415	14529	12613	13595	12541	4211	13969	12750	12721	13495
494	6475	6002	5326	4698	3667	2508	1919	1756	736	9087	8464	9208	9421	9447	9223	9667	8531	9258	9206	14478	14858	12839	13679	4800	12819	12224	11689	15190	14187	10537	8890	9951	11054	11204	13034	12923	14703	14343	14130	13307	11963	12257	12337	13188	14308	10590	10254	12024	10751	11873	13503	164	8852	7390	5547	4236	110	7774	6823	6146	3774	112	8289	7936	6743	4304	4438	14101	12365	12487	12826	4440	14925	13110	14322	12905	4054	14879	13205	13456	13917
648	11771	11100	9597	8004	6229	4416	3123	2670	1052	12551	15250	15699	16570	15873	15552	16529	14291	14509	13242	25848	22911	20800	22204	8512	23010	22823	27687	25068	24658	27097	26704	26890	25359	24298	28036	24814	22531	22645	22966	23221	21026	22469	27806	21672	24814	27338	31261	32357	25810	26075	28199	256	15399	15646	12835	8620	202	13591	14344	14119	7967	164	14642	16847	15554	9050	8579	22614	22195	21727	21124	8198	24029	22828	25091	21531	7635	23165	23032	23917	22332
87	1260	1280	1081	955	709	471	382	316	158	1679	1761	1918	2011	2113	2152	2235	2028	1957	1829	5838	5085	4738	5347	2332	5153	5120	4396	4877	5831	4106	4028	5402	5400	4470	5872	4409	3885	4176	4060	3697	3253	3491	4265	6283	5251	3785	4893	4998	3900	4137	4313	78	4314	3780	3098	2047	93	3829	3713	3502	2103	70	4057	4035	3330	2397	1815	5417	5357	5301	5095	1755	6098	5603	5871	5207	1636	5302	5461	5509	5753
660	3130	3149	3029	2649	2184	1608	1552	1470	1047	3508	3588	4128	4561	4501	4613	4735	3919	4319	3799	11836	10447	9758	10651	3920	10352	10076	8237	11340	11322	11411	10837	11900	11341	10391	12290	10399	9710	10238	10580	10434	9306	9878	8380	10710	11114	11245	12822	13789	10884	11070	12258	109	6513	6315	5005	3496	122	5721	5806	5334	3155	98	6295	6764	5870	3619	3921	10491	9644	10254	10386	3861	10875	10234	11367	10424	3590	11040	10316	11022	11004
234	3315	3400	2930	2545	2075	1461	1073	972	432	4263	3623	4500	4831	4810	4937	5120	4396	4695	4317	5296	5024	4472	5053	1794	5115	4809	5967	4923	5117	4226	4114	4804	4721	4753	5727	5078	4809	4842	4995	5111	4670	5140	5684	4488	5383	4261	4995	5616	4702	5106	5841	77	3944	3026	2325	1934	77	3496	2847	2588	1771	57	3815	3334	3017	2064	2425	6098	5142	5421	6113	2444	6396	5534	6240	6187	2203	6617	5390	5977	6324
177	3832	3564	3100	2612	2044	1414	916	971	301	3917	4508	4872	5254	5131	5015	5322	4535	4799	4310	6575	6892	5798	6375	2155	6312	5737	5963	5741	6103	4497	4180	4630	5083	5192	5904	6137	6851	6676	6870	6867	6239	6470	5829	5134	6389	4396	4714	5450	5231	5544	6321	98	4469	3596	2573	2226	75	3979	3079	2768	1870	60	4145	3804	3289	2288	2808	7308	6310	6355	7228	2700	7253	6430	7423	7041	2454	7600	6407	7092	7348
353	7092	6195	5394	4325	3432	2415	1609	1537	524	5505	8156	8595	9148	8718	8497	8571	7297	7813	6239	11856	11951	9935	11006	3506	10497	10133	8271	9585	10413	8083	7184	7962	8697	9064	10734	10548	12471	11791	11672	11796	10703	11198	8549	8066	10783	8082	8431	9726	9078	10080	11336	140	7520	5963	4500	3764	114	6891	5524	4928	3345	126	7140	6688	5704	3919	4697	12671	10703	11047	12735	4891	12910	11372	13157	12442	4454	13521	11434	12163	13062
654	13199	11898	10600	9102	7161	5089	3531	3253	1110	12646	15347	16517	17136	16594	16007	16602	14160	14817	13255	21646	21578	18105	19809	6649	19128	18546	16151	19365	20059	14351	13039	14659	15920	16567	19391	19091	21510	21007	20661	20684	18618	19077	17145	17214	20368	14537	15160	17212	15687	17421	20015	238	13827	11349	8596	6918	238	12173	10215	9178	6002	182	13102	12313	10736	7071	8333	21964	19403	19413	21786	8266	22701	20228	22756	21140	7762	23344	20380	21388	22494
563	6767	7416	6537	5689	4514	3188	2165	1970	871	9851	7864	10295	10459	10280	10124	10941	9465	9047	9928	12291	11931	9859	10444	3665	10085	10041	9664	11706	12054	9154	7659	8899	9543	9489	11410	10607	11418	10338	9851	9808	8806	9335	9728	11248	11835	9109	8946	10118	8793	9535	10693	119	7395	6808	4971	3573	89	6476	6038	5621	3226	77	6895	7030	5991	3807	3660	10468	9883	8974	9303	3424	11275	9956	10444	9312	3345	10472	10043	9695	9995
725	6199	7315	6285	5290	4320	3149	2225	1906	936	11145	7901	11082	11054	10966	10712	11834	9979	9542	11180	14118	13715	11281	12015	4681	11626	11262	9998	9544	11950	9207	7278	9917	10407	10622	12537	11466	11895	10665	9739	8949	8343	8821	9990	10308	11379	8988	8683	9773	8567	9342	10304	143	8213	7470	5257	4106	141	7154	6831	6062	3552	119	7694	7847	5780	4204	3845	10342	9941	8971	9442	3528	11448	9857	10128	9398	3555	9862	9993	9187	10179
442	7532	8082	7280	6196	4726	3450	2380	2112	827	5641	8991	11411	11740	10899	10327	10820	8925	8560	6783	14864	14484	11762	12326	4508	12491	12098	12271	14315	13826	10764	8714	10218	10800	11321	13040	13058	14499	13040	12339	12269	11193	11775	12675	12814	13700	10828	10370	11562	10334	11651	12933	140	8614	7879	5533	4279	112	7841	7011	6429	3673	105	8227	8206	7098	4332	4646	12947	12075	10828	11921	4557	13589	12300	12947	11934	4143	13413	12217	12022	12612
598	7895	7307	6315	5321	4174	2938	2118	1896	786	10993	10438	11025	11672	11650	11151	11927	10455	11009	11230	12415	11881	10261	11472	4190	11069	10556	9190	8242	10321	6811	5507	9275	9773	9380	10705	8844	8803	8583	7697	7240	6763	7079	9121	9791	9130	6382	6709	7686	6506	7239	7385	155	8137	7239	5275	3940	125	7394	6640	6146	3484	120	7544	7608	5848	4185	3192	8503	8874	8362	8066	3033	9950	8871	9484	8256	3032	7673	8925	8717	9206
266	4926	4582	3967	3276	2476	1867	1308	1155	466	5918	6648	7225	7387	7470	7170	7792	6737	6637	6434	8207	8178	6972	7360	2785	7136	6786	6067	5029	6873	5398	4034	6058	6346	6390	7296	6279	6311	6140	5660	5246	4705	5149	5845	5919	6171	4904	5092	5590	4589	5097	5375	94	5482	4634	3506	2436	88	4728	4329	3819	2295	76	5105	4992	3950	2640	2162	6473	6533	5765	5781	2032	7422	6295	6673	6057	1993	5962	6326	6356	6498
427	5991	5563	4864	4429	3443	2567	1919	1637	690	7140	7801	8135	8277	8178	7911	8077	7188	7553	7505	10151	9932	8495	9005	3163	8657	8615	8616	9165	10234	7311	5770	6983	7544	7776	9205	8707	9322	8780	8170	7950	6955	7425	8650	9520	9676	7072	6839	7669	6803	7667	8172	106	6030	5656	4152	2920	106	5240	4909	4692	2701	72	5769	5837	5015	3052	3142	8761	8424	7940	8051	2968	9402	8679	9244	8028	2763	8677	8681	8655	8600
138	2873	2823	2534	2124	1595	1143	803	686	253	3416	3385	4020	4277	4194	4342	4664	3859	3903	3637	9493	9717	8556	9442	3123	8741	8628	10588	11121	11436	5987	5463	7382	7947	7670	8930	8362	8842	8952	8682	8315	7405	7675	10624	10708	11542	5855	6363	7381	6862	7445	8012	163	7312	5666	4630	3897	115	6614	5310	5167	3471	93	6972	6453	5434	4133	4733	10425	9989	10856	11810	4539	11145	10342	12551	12067	4340	10705	10250	11628	12460
44	815	860	807	673	514	356	234	202	84	1099	1073	1252	1298	1326	1417	1462	1289	1294	1147	2684	2837	2362	2604	834	2610	2440	2787	2862	3170	1754	1538	1984	2221	2253	2533	2339	2616	2637	2588	2492	2252	2300	2767	2704	3091	1682	1918	2107	1915	2170	2297	35	2186	1681	1305	1170	49	1895	1503	1387	982	22	1999	1780	1581	1218	1389	3038	2850	3035	3533	1310	3312	3002	3539	3495	1195	3193	3082	3393	3653
88	1180	1328	1132	1050	854	637	435	346	144	1492	1776	2092	2153	2224	2172	2236	1940	1976	1653	4336	4583	4056	4738	1797	4088	3889	5174	4514	4631	2603	2120	3431	3516	3421	3884	3337	3669	3580	3422	3312	2876	2964	4950	4412	4533	2418	2531	3044	2766	2991	3207	80	3951	2870	2352	1865	55	3327	2832	2686	1918	47	3596	3087	2041	2091	2002	4219	4204	4542	4936	1872	4638	4326	5084	5020	1901	4067	4320	5060	5532
398	8012	7520	6619	5703	4383	3079	2185	1905	688	8365	10779	11544	11927	11927	11151	11559	10136	10398	9557	10302	9138	8041	8779	3239	9211	9208	8415	5659	7079	4129	5758	9745	11739	11128	12049	9795	8823	8834	8750	8658	8270	8916	8298	5814	6953	4036	6748	10944	11933	12616	12873	158	8010	5735	4562	3811	119	7290	5120	4845	3528	108	7727	5848	5028	4058	4368	12818	10594	11234	12051	4187	13792	10995	12377	12086	3982	13317	11075	11840	12933
595	10349	9785	8534	7204	5559	3814	2702	2447	899	13584	13978	14740	15584	15451	15046	15394	13713	14530	13844	17487	15677	14433	15973	5784	15590	15083	18005	20825	19760	14095	12455	14703	14994	14741	17600	15538	15184	15285	15632	15709	14113	14737	18397	18474	19576	13794	14187	16486	14518	15294	17248	214	10623	10413	7930	5798	184	9684	9466	9112	5202	154	10095	11010	9731	5983	5678	16603	16147	16030	16176	5772	17337	16315	18413	16225	5171	17178	16409	17217	16758
252	4035	3695	3322	2790	2167	1565	1134	1023	469	6022	5503	5881	6167	6478	6312	6429	5840	6056	6168	6015	5502	4934	5404	1920	5197	5159	5398	6279	6111	4789	4532	5318	5431	5390	5935	5508	5420	5262	5242	5316	4846	5179	5544	5408	6083	4828	4969	6078	5391	5345	5940	72	3244	3243	2347	1704	54	2949	2853	2716	1633	45	3091	3407	2932	1910	1858	5367	5152	4903	5169	1924	5528	5240	5885	5225	1638	5559	5256	5527	5635
601	12216	11084	9540	8206	6206	4364	3116	2677	1008	12168	15971	16308	17108	16531	16083	16549	14347	15012	13362	10284	9133	8543	9239	3438	9401	9607	9288	5837	6931	4494	6179	10351	12685	12247	12396	10166	8779	9011	9035	9148	8643	9370	9281	5654	6906	4382	7311	11234	12715	13481	13008	203	9124	6177	4928	4295	171	8076	5619	5468	3782	93	8507	6510	5528	4523	5239	13902	11627	11485	12929	5069	14795	11737	12956	12911	4726	14116	11840	12175	13652
684	11653	10301	9147	7765	5907	4264	3006	2694	1108	15905	14843	15723	16824	16897	16622	17305	15327	15955	16135	14903	13446	12199	13278	5487	13221	12920	18650	18890	17799	12992	11514	12618	12958	12611	15101	13077	12428	12696	12717	12409	11402	11624	19035	17703	17531	12885	13496	14221	12001	12894	14221	172	9261	9891	8230	5530	138	8158	9001	9257	5049	122	8819	10429	9834	5924	4855	13440	13716	13183	12723	4619	14169	13910	15206	12887	4363	13488	14073	14556	13691
519	6721	6316	5469	4556	3552	2589	1969	1746	889	11467	9048	9823	10424	10504	10614	11207	9978	10289	10757	7962	7209	6188	6840	2502	6718	6643	7162	7523	7920	6912	5993	7028	7302	6921	7941	6965	6460	6380	6363	6240	5493	5939	7227	7404	7771	6508	7123	7977	6759	6859	7131	89	4276	4465	3810	2574	67	3808	4048	4262	2206	78	4036	4834	4470	2614	2192	5853	6308	6137	5946	2028	6534	6508	7104	6027	1870	6037	6515	6617	6321
1132	9852	11646	10011	9075	7418	5405	3883	3430	1778	21457	13352	17438	17824	18175	18153	20264	17275	16891	20558	8221	8179	7993	9545	3974	9031	8677	10111	7207	8829	4709	4956	8239	8612	8089	8905	7046	6722	7094	7594	6822	6130	6347	9848	7208	8200	4696	5656	7573	7283	7789	7636	198	9743	7094	5648	4932	151	8950	6554	6397	4715	127	9153	7174	5212	5219	4230	11523	9816	9182	10003	4036	12613	9803	10121	10232	3781	11686	9664	9593	10881
431	12468	14074	11846	9655	7410	5031	3379	2946	888	6023	14613	19411	19830	17932	16437	16927	13907	13399	8724	21519	19686	17747	19242	7282	18930	18542	22338	25396	25074	19004	16713	18319	18668	18501	21717	19895	19082	18948	19235	19273	17612	18255	22869	22588	25260	18884	19681	21078	18124	19071	21471	185	12107	13380	11391	8174	152	10913	11990	12346	7357	145	11644	14241	13369	8453	6790	18337	18616	17716	17939	6554	19334	18830	20886	17612	6261	19238	19281	19142	18956
643	4625	5527	5029	4278	3535	2514	1936	1770	932	9165	5800	8275	8307	8675	8375	9160	7956	7737	9109	7751	6828	6113	6616	2576	6445	6355	5873	5695	6760	5589	4866	7381	7116	6521	7153	6044	5441	5202	4902	4550	4192	4476	5737	5911	6212	5405	6013	6675	5319	5571	5616	56	3846	4350	3449	2436	63	3305	3911	3996	2279	58	3637	4480	3535	2557	1715	4272	5019	4379	4451	1732	4912	4910	5169	4671	1599	4121	4932	4665	5022
264	6029	5459	4916	3966	3093	2152	1444	1351	430	5399	7157	7305	7958	7858	7634	7929	6932	7260	5821	6236	5698	5258	5889	2011	6114	5990	5543	3816	4593	2743	3817	6078	7419	7087	7356	6256	5676	5830	6203	6518	6130	6647	5550	3392	4541	2691	4527	7176	7752	8211	8149	107	5067	3669	2881	2648	77	4583	3280	3002	2220	61	4868	3930	3555	2700	3327	8636	6770	7228	8148	3366	8862	7034	8440	8105	2991	9183	7093	7739	8601
273	12612	10657	9078	7215	5364	3528	2380	2020	524	5359	14752	15260	15690	14495	13846	13114	11123	11190	6851	17845	16597	15559	17444	5803	16530	15943	18510	19016	19300	14596	13929	14827	15105	15447	17671	16826	17420	17628	18655	18893	17106	17554	18423	16064	19812	14973	15890	17836	15795	16945	19231	223	10469	9906	7393	5696	159	9456	8522	7912	5061	122	9655	10483	9333	5905	6884	17624	16109	16431	17975	6674	18163	16852	19232	17857	6140	18834	17122	17778	18310
277	5341	4618	4090	3322	2691	1852	1267	1260	482	6010	6074	6381	6946	6710	6725	6984	6072	6539	5913	6721	6511	5581	6178	1979	5846	5864	5390	6449	6408	5576	5306	5731	6075	5994	6860	6391	6687	6529	6747	6669	6094	6494	5468	5210	6724	5549	6400	7343	6284	6660	7382	67	3574	3399	2445	1825	55	3142	3112	2686	1655	63	3388	3679	3140	1922	2117	5860	5465	5290	5880	2123	5870	5471	6221	5604	1889	6195	5689	5640	5906
190	3176	3176	2801	2368	1901	1282	923	797	301	3388	3918	4530	4631	4520	4600	4773	4253	4082	3685	7591	7241	6937	7918	2979	7551	7398	6460	4747	7026	3218	3512	7168	8574	8546	8442	6148	5698	6351	6246	5718	5475	5631	6128	5775	6409	2962	4236	6231	6433	7115	6918	126	6046	4660	3905	3517	101	5472	4420	4348	3206	106	5844	5126	4070	3627	3226	7646	7363	7975	8389	3076	8530	7711	8755	8651	2954	7194	7481	8455	9144
365	6255	6375	5458	4747	3697	2598	1751	1502	516	9041	7962	9470	10119	10239	10182	10761	9281	9406	9195	16950	16230	15482	17288	6393	15755	15349	18732	17916	20698	11347	10143	14943	14927	15039	16626	14134	13632	14290	14258	13736	12447	12412	18550	19246	19540	11005	12580	13664	11824	12941	14209	293	13452	11422	9354	8456	210	11982	10417	10560	7623	193	12322	12239	10476	8770	7717	16963	17470	18217	19559	7314	18991	17798	20775	19817	7084	16938	17789	19947	21120
244	2939	3091	2911	2452	1839	1435	988	935	354	4326	3666	4232	4540	4563	4543	4721	4125	4242	4359	7721	7290	6531	7081	2546	6687	6517	7179	7777	8812	5690	5428	6907	6927	6927	7585	6936	7011	6732	6619	6488	5743	6095	7148	7582	8436	5483	6275	7111	6425	6570	7165	102	4926	4351	3533	3234	83	4326	3964	4014	2816	74	4707	4747	4347	3352	3082	7568	7188	7441	8138	3036	8137	7415	8623	8242	2867	7692	7333	8105	8822
1193	15019	15421	13854	11575	9545	6795	4614	4254	1747	24940	18028	22247	23405	23652	24444	26290	22408	23429	24241	18685	16788	15503	17184	6857	17723	17334	19478	16788	17386	19687	18861	18650	17552	17718	20432	17944	16933	17531	18320	19504	17513	18895	19895	14067	17957	19687	22018	23448	19192	19271	21652	249	14700	12318	8743	7126	232	13098	10865	9424	6284	209	13482	13185	11108	7204	8236	22556	19316	18943	21034	8340	23488	20161	21971	20798	7852	24016	20634	20115	21204
635	11953	10872	9297	7678	5990	4452	3031	2572	1085	14131	16146	16327	16888	16241	15632	16468	14228	14744	14200	18750	16564	14303	15488	5934	16201	16373	17008	12027	13357	7558	10975	17691	20851	19673	19892	18488	16217	15449	15048	15553	14541	15989	17110	11222	13275	7407	12491	19880	21524	21562	20631	275	14056	9882	7936	7388	244	12574	8983	8627	6665	204	13247	10505	9006	7848	9328	22088	18198	18839	21237	8993	23284	18678	21144	21464	8429	22519	18634	20082	22209
583	11190	10498	9162	7795	5998	4262	2914	2521	989	13139	15108	15579	16284	15747	15606	16137	13841	14158	13875	15723	13920	12462	13561	5502	13919	14218	16061	10201	11687	8475	12186	18126	19185	16806	17187	14807	13461	13393	13340	13379	12878	13981	15881	9723	11685	8548	14154	20868	20095	18827	17918	246	12187	8962	6973	6176	192	10763	8358	7946	5547	146	11458	9546	8236	6516	7079	18932	15899	15875	17100	6874	20160	16489	18029	17210	6403	18957	16455	16859	18728
215	3249	3274	2987	2493	1942	1414	1008	977	322	3768	4593	5483	5599	5460	5224	5513	4391	4750	3938	15983	14359	12379	12461	4831	12470	12423	6669	6642	7088	9887	13361	16535	17495	16690	17339	15025	14544	14315	13738	13819	12795	14055	6768	5625	7204	9578	15304	19803	17889	18270	18506	129	6421	6797	4980	3437	131	5732	6294	5528	3129	111	5821	7223	6418	3728	3423	9754	9498	9123	9064	3502	9617	9837	10549	9099	3197	10205	9869	9838	9426
157	4371	4376	3852	3242	2540	1613	1170	978	316	2634	5770	6814	6951	6602	6095	6207	5002	5076	3306	23487	20099	16569	15963	5882	16761	17250	8957	6463	7071	5455	9239	17593	25626	28271	27347	21869	20716	19018	17757	18080	17392	19931	8944	5677	7231	5228	10550	19801	26393	31626	30775	177	8819	7551	5434	4007	129	7571	7121	5951	3636	116	8339	8183	6880	4225	4573	13086	11727	11633	12446	4395	13452	12063	13322	12208	4065	13796	12594	12593	12625
575	11453	10747	9071	7439	5431	3873	2767	2436	1110	14494	13851	15130	15901	15485	15426	16179	14343	14579	14853	16594	17428	17461	19381	6692	18247	17380	30431	30935	30815	14415	12922	16407	17975	17355	18110	14311	15381	17493	18249	17552	15619	16159	30210	29707	30067	14029	15028	17266	15966	17408	16655	175	11203	12780	11699	6896	139	9772	11404	12907	6377	117	10669	13843	13625	7129	6011	15899	17541	17387	15621	5519	16841	17780	19945	15720	5448	15407	17566	19013	16595
673	10792	10145	8987	7584	5903	4243	3040	2698	1113	13347	14051	15180	15613	15346	14893	15976	13777	14138	13508	11229	12219	12339	13601	5030	13027	12194	23429	23978	20917	10803	10012	11546	12567	12510	12047	10215	11406	13098	13977	13869	12203	11869	23638	20109	21066	10763	11229	12946	11906	12962	12456	192	9176	9759	9081	5722	136	8066	8916	9706	5052	91	8699	10707	10737	5749	5375	14001	14276	14560	14037	5150	14769	14758	17246	14066	4785	14531	15027	15823	14765
588	23627	21078	17640	14154	10159	7016	4721	4027	1188	11719	30741	31870	32749	30306	27946	28310	23441	23454	15510	29261	30314	30302	33164	12920	31484	30015	53576	49077	48423	27350	26700	29675	29455	27662	30807	26401	27838	30969	33064	31707	28121	27778	53757	45842	48017	26589	31007	33840	28292	29316	30305	332	19532	21084	19788	13234	292	17296	19473	22208	11956	287	18444	22584	23427	13656	11831	31711	32789	34121	32524	11344	33749	33985	39060	32507	10812	31916	33889	37084	33986
273	4293	3921	3394	2875	2139	1617	1061	897	378	6036	5060	5553	5642	5736	5536	5955	5471	5618	5822	6534	6418	5711	5993	2175	6161	6238	5968	7506	6383	4473	5800	7829	8621	8263	7944	5996	5806	6113	5980	5752	5357	6031	5895	7058	6448	4438	6468	8559	8260	8705	8050	82	4656	3818	2960	2254	81	3975	3367	3150	2075	49	4329	4052	3333	2336	2520	7115	6380	6062	6803	2501	7514	6449	6922	6763	2262	7207	6719	6694	7083
46	1105	1251	963	792	592	496	358	221	82	625	1775	1888	1654	1624	1347	1519	1479	914	841	802	915	1008	1520	776	1208	1122	677	350	693	476	410	1383	967	982	780	481	439	566	442	412	402	361	685	536	521	477	495	611	466	453	410	31	1888	1482	1199	691	18	1479	1626	1578	816	19	1587	1501	514	891	212	550	658	581	523	207	716	625	619	555	205	482	623	628	587
670	11404	11062	9222	7928	5760	4205	3052	2409	1085	15095	14974	16172	16748	16756	16975	17945	15978	15514	16388	18972	17178	16236	18314	7103	17570	17570	22109	16168	18505	17070	15068	20185	19613	19192	21306	15624	13415	14095	13897	13252	12203	12935	20942	16770	16888	16658	18645	18726	14755	15895	16841	193	12738	13482	11529	7565	158	10951	12173	12771	7272	164	11614	14152	11982	8105	4846	13873	15413	14193	12849	4588	15738	15477	16300	13229	4474	13208	15236	15307	14778
307	4208	4257	3652	3131	2465	1895	1415	1057	535	5360	5607	5821	6123	5993	5683	6174	5709	4949	5737	4148	3828	3862	4699	1805	4096	3973	5041	2941	4519	2223	1978	3967	3892	3874	4142	2714	2382	2653	2503	2412	2209	2219	4761	4078	3731	2046	2405	2689	2168	2492	2572	67	3511	3482	2871	1897	66	3176	3266	3061	1768	55	3397	3668	2408	2126	1258	3049	3396	3081	2753	1013	3714	3293	3495	2949	1130	2853	3309	3310	3434
237	3578	3438	3034	2548	1947	1421	1057	867	374	4444	4888	5304	5701	5343	5099	5248	4864	4773	4763	5937	5576	5103	5457	2162	5560	5458	6838	6624	6777	5486	5258	5762	5825	5765	6888	5577	5099	5418	5467	5413	4756	5105	7169	6104	6820	5468	6242	6795	5737	6298	6883	54	3555	3796	3347	2266	56	3032	3458	3617	2153	47	3332	3920	3849	2434	2081	5248	5373	5243	5186	1956	5374	5505	6105	5232	1830	5164	5504	5787	5484
283	4597	4312	3587	3060	2342	1745	1287	1115	545	3649	5716	5969	6377	6002	5631	5704	5146	5189	4097	4961	4782	4528	5155	1838	4928	4608	7730	9130	7630	4500	3882	4254	4766	4682	5309	4873	4847	5220	5646	5526	4989	5007	7767	7573	7945	4665	4408	5120	4724	5338	5855	73	3643	3785	3292	2292	66	3175	3413	3553	2159	56	3552	3968	4296	2499	1979	5595	5279	5599	5393	1978	5706	5658	6370	5352	1898	5996	5712	5971	5596
262	5148	3885	3256	1333	1281	647	532	627	342	12348	17270	17103	17471	15766	15500	15372	13618	14429	13273	18423	15408	13194	12528	6355	13113	13645	16346	14909	13444	22827	20635	19775	18612	17855	19812	18319	16254	14956	14648	15646	14175	16303	15825	12412	13481	22339	24242	24674	19608	19962	21880	37	1945	2010	1983	959	10	1493	1938	2259	884	18	2017	2769	2775	629	3591	15901	14410	12896	12813	3574	16120	14876	16074	12663	3353	16656	15328	14413	13470
256	5967	4444	3520	1413	1268	666	549	595	308	13428	17745	17761	18586	18211	17542	17664	16060	16774	14469	11438	10366	8704	8661	4043	8359	8473	13685	13589	10039	10945	9452	9818	10275	9949	11844	11487	10969	10341	10114	10213	9021	10020	13537	11581	10639	11123	11376	12263	10711	11561	12688	37	2568	1953	2061	845	18	1882	2123	2174	897	22	2909	2782	2557	687	3520	15527	12598	11128	12000	3483	15736	12895	13628	11682	3288	16273	13109	12239	12552
382	15461	14352	14764	13134	13493	10732	8522	8656	1271	9959	14208	14049	14533	13149	12890	13297	11209	11551	10822	10510	8957	7614	7176	3979	7896	7917	16115	9238	10774	13907	10254	9426	8790	8614	10322	9273	8788	8036	7829	8552	7765	8637	14885	8847	10249	13579	11904	11263	8614	9056	10124	101	7592	5515	4611	2378	65	5651	5404	4850	2345	85	7908	6706	5636	2446	2080	10609	10002	8776	8162	2037	11343	10270	11012	8205	1951	10632	10399	10051	8880
194	1036	792	697	358	372	268	264	318	243	9123	13405	14290	15304	14698	14244	14998	12814	11985	10367	14140	12079	11032	10692	5980	11310	11455	11708	11225	11277	15663	15300	16107	15387	15011	16211	13808	12002	11978	11778	11894	10952	12311	12133	10818	11535	15261	17713	19551	15821	15994	16920	11	308	505	510	275	9	293	479	576	324	10	338	655	644	338	2944	11714	11704	10307	10166	2807	12470	11670	12569	10049	2770	11694	11976	11714	10684
3451	73600	70679	74149	67513	68144	57125	50938	51467	13353	12339	19687	19147	19483	16922	16563	16707	14538	14871	13500	10884	10790	10434	11048	5766	11075	10877	32422	17540	18276	28625	18188	15164	13716	12751	13076	10841	11008	12131	12670	13752	12005	12720	30967	15573	18989	28541	21604	19327	14564	14166	14426	412	32075	29979	30316	14114	369	24509	32664	31824	14825	337	33158	37605	37338	18308	3420	16388	16216	15203	14090	3375	16940	16900	18467	13592	3254	16778	16886	17223	14478
157	1906	1515	1411	563	493	295	305	264	197	8070	12693	13434	14288	13295	12730	12766	10667	10526	8983	13875	11980	10842	11086	5614	11148	11214	13874	12854	11105	17306	13963	12372	11838	11996	14519	13441	12169	11833	12368	12897	11570	12549	13407	11324	11338	17241	16553	15445	12057	13356	15292	15	605	615	643	268	7	464	713	753	306	5	592	981	886	267	2557	11809	11193	10258	9163	2572	12298	11688	12512	9186	2397	11832	12017	11541	9656
122	1647	1485	1189	487	510	309	210	261	150	6301	9953	10000	10373	9485	9212	9421	7733	7890	6606	10516	9069	7558	7376	3986	7824	7983	11829	10858	9341	13107	10400	9641	9382	9709	11006	10325	9721	8636	8592	8983	8407	9259	12182	8853	9489	12739	12073	12441	10150	10646	11941	15	537	590	670	312	9	498	656	765	318	9	586	872	961	228	2086	8749	8807	8650	8033	2081	9429	9154	10280	7734	1998	9283	9351	9520	8253
145	1277	943	824	355	352	219	242	274	189	7225	10554	10642	11173	10586	10077	10403	8865	9060	7672	8231	6908	5997	5785	2927	5971	5946	6573	6001	5758	7737	7320	7266	7191	7435	8318	7914	7383	6838	6879	6952	6370	7058	6722	4944	6132	7631	8655	9173	7860	8201	9337	13	370	401	387	203	6	325	446	412	218	8	379	523	509	238	2228	9504	7745	7130	7757	2331	9902	8134	8348	7453	2240	10046	8291	7823	7872
403	3355	2467	2189	1004	1021	592	599	698	475	22833	25496	26744	28405	28236	27838	28792	24731	24816	23501	29942	26339	23496	22817	11414	23193	23055	18386	17698	21799	28531	28074	29197	29073	28262	32174	28639	26623	25577	25959	25598	23759	25544	17891	16330	22283	27596	33181	36208	30239	31451	34228	28	847	964	1018	502	12	709	1122	1131	588	13	923	1350	1316	553	6172	26068	23829	21332	21214	6306	27458	24012	26041	20802	5724	27354	24801	23781	22088
668	11872	9227	7665	4314	3461	2090	1414	1512	763	29817	26144	28265	30014	28810	28913	30808	26204	27723	28640	37406	31450	28704	28354	14227	29034	29015	36178	33543	31254	44173	40176	37746	35805	35920	41414	36659	32452	32187	32916	34604	32021	35672	35529	28286	32198	43440	47967	48770	38701	39931	45315	191	12591	13923	13681	8280	137	10830	13291	14740	7403	123	12190	16622	18184	6875	8267	33836	31296	29288	30262	8295	34548	32305	36544	29200	7780	35540	33084	32974	30586
428	4514	4104	3643	1643	1660	936	843	919	603	20193	20162	22576	24560	24683	24699	25461	22038	22893	20902	18729	16729	16032	16364	7844	17336	17076	28341	24756	20689	24288	17373	17144	18680	19434	21122	17526	17081	17612	18936	20355	18779	20204	27934	20539	21250	23719	20550	20989	18937	21855	23335	43	1938	1762	1747	843	19	1538	1934	2077	836	23	2013	2516	2402	551	4769	21854	19293	17260	17476	4981	22420	19986	21083	16610	4505	23098	20477	19252	18320
329	1752	1423	1434	790	799	601	528	606	425	17047	16028	17526	19381	19639	19226	19999	17748	18046	16983	13211	12152	11874	11992	5690	12477	12598	17963	16209	14069	19213	14625	14203	14223	14347	15423	12677	12034	12923	13810	14398	13326	14228	17104	13689	14361	18806	17190	17746	14609	15969	17279	24	572	566	463	284	7	460	601	589	247	10	540	726	707	255	3191	15404	14212	12928	12610	3433	15899	14614	16022	11927	3039	16149	14962	14576	12717
382	4911	3844	3199	1621	1404	882	727	784	490	20015	19073	20375	21590	21434	21170	22397	19722	20484	19880	22494	20744	18198	18768	8553	18588	18250	23665	22955	22432	22509	19878	20509	20985	20976	24222	21842	21391	21438	21891	22324	20419	21828	23909	19579	23815	22474	23888	25593	22017	23866	26092	61	2715	2554	2573	1280	28	1964	2545	2902	1254	19	2974	3439	3534	923	6211	26427	22832	20434	21663	6126	27001	23504	24854	20887	5749	27809	24267	22556	22360
260	2681	2066	1753	722	701	419	440	443	368	13119	16560	16433	16958	16450	15277	15924	14255	14572	13738	13940	12346	10149	10089	5070	10183	10332	12145	10731	10163	13201	12788	12367	11869	11499	14043	13628	13037	11550	11339	11685	10436	11472	12176	9320	10479	13100	15446	15921	12825	13258	14768	23	985	706	775	336	9	734	913	906	408	5	965	1188	935	329	3443	15650	13107	11241	11915	3358	16116	13300	13143	11705	3297	16130	13553	11948	12614
274	1465	1147	1041	595	581	457	406	476	373	10726	15283	14868	15216	13927	13429	13140	11147	11947	10990	15390	13177	11686	11481	5564	11847	11916	13186	13045	12281	18113	15838	14741	13980	13802	16194	14837	14150	13288	13424	13900	13042	14274	13487	10982	12616	17949	18596	18761	14787	15544	17618	22	431	664	799	456	9	395	717	820	459	15	431	937	915	490	3618	15091	13552	11952	12346	3669	15381	13554	14676	11642	3337	15851	13955	13411	12636
136	1337	1078	989	497	491	304	280	288	194	7252	8408	9071	9649	9695	9188	9514	8406	8762	8005	13046	11217	9515	9537	4405	9336	9611	9879	10166	9598	14670	12733	12890	12171	12118	13567	12318	11623	10857	10538	10717	10142	11304	9682	8829	9673	14527	15596	16009	12903	13370	14539	11	408	410	487	270	5	357	519	541	264	11	431	682	660	224	2214	9762	9574	9029	8668	2245	10084	9934	11094	8385	2059	10189	10028	10139	8748
236	2088	1701	1389	775	696	424	420	415	305	11995	15885	13673	13179	13694	12076	12812	13242	10657	13333	24412	21549	17727	19019	9234	18174	18526	8681	15318	16789	22708	21846	25180	23754	21250	25799	21355	18831	17287	16412	15620	14033	15057	9150	13399	15934	22411	26078	26658	21211	21730	22484	21	824	821	873	432	11	694	1020	1119	480	6	796	1125	928	360	2704	13357	14131	12514	10199	2539	14772	14448	14811	10566	2529	13616	14472	13608	11244
168	1674	1309	1139	629	540	346	331	338	228	9480	12645	10577	10084	10414	8924	9680	9928	8070	10332	19431	16965	14052	15023	7682	14548	14566	7041	12384	13326	17950	17696	20273	19055	16841	20287	17040	15229	13635	13111	12560	11152	12009	7106	10911	12421	17921	21226	21311	16987	17629	18267	18	659	717	771	318	9	517	826	967	426	11	630	942	761	286	2163	10853	11240	10171	8197	2049	11777	11424	11552	8423	2026	10868	11378	11086	9202
208	1721	1323	1139	594	515	327	351	331	197	9015	12313	10815	10490	11042	9228	10075	10657	8243	10208	19242	16665	13784	14848	7238	14178	14400	7028	12407	13010	17377	16930	19738	18431	16504	20046	16826	14543	13087	12682	11919	10744	11469	7309	10559	12178	17522	20385	20449	16159	16809	17561	11	585	622	677	379	8	521	778	943	392	12	648	911	740	327	2167	10628	11121	9677	8038	1966	11610	11232	11412	8314	2045	10545	11122	10983	8932
147	1354	969	836	463	414	298	222	249	153	7399	10204	8494	7912	8440	7192	7803	7937	6639	7779	15064	13447	11090	11846	5914	11419	11455	5875	9665	10290	14362	13725	16019	14881	13389	15743	13163	11886	10473	10436	9660	8842	9420	5982	8338	9655	14276	16568	16567	13024	13339	14103	16	497	564	510	269	2	451	585	664	292	2	503	746	579	258	1719	8474	8784	8040	6470	1595	9162	8957	9205	6656	1563	8374	8918	8434	7063
110	2153	1670	1294	769	581	373	302	269	148	4992	6495	5824	5517	5754	5259	5652	5828	4128	5743	9520	8150	6882	7967	4424	7480	7465	4498	5376	6424	7640	7789	10465	9270	8289	9882	7746	6376	6013	5797	5273	4869	5421	4755	5176	5793	7611	9292	9143	7165	7351	7835	46	3852	3783	3481	1716	32	3051	3745	4127	1784	36	3474	3859	2757	1737	1465	5587	5784	5126	4510	1374	6113	5708	5897	4844	1400	5343	5649	5499	5230
72	2081	1748	1454	840	613	340	310	227	81	3279	4281	3779	3621	3684	3347	3537	3632	3198	3617	4059	3568	3266	3695	1997	3581	3532	2683	3272	3368	3776	3352	4247	4107	4190	4594	3325	2872	2778	2867	2578	2323	2474	2800	3106	3097	3838	3934	3818	3189	3678	3733	19	2037	2221	2249	1168	10	1392	1994	2400	1103	11	1811	2385	1967	1015	633	2513	2850	2459	2180	545	2714	2770	2734	2219	524	2380	2653	2634	2391
74	1473	1186	977	566	398	236	184	168	110	3704	4352	4096	4165	4069	3759	4058	4062	3723	4064	5785	5087	4416	4695	2284	4887	4738	3720	4669	4920	6955	6133	6310	6188	5663	6679	5022	4276	4152	4196	3932	3541	3696	3791	4085	4586	7077	7395	6688	5391	5730	5906	19	1847	2112	2080	1278	12	1235	1677	2241	1150	13	1685	2068	2043	1038	802	3802	4119	3821	3172	786	4164	4042	4351	3352	780	3876	4194	4058	3679
57	1397	1097	899	533	402	209	182	142	93	3414	3931	3724	3761	3728	3414	3570	3689	3172	3654	6266	5506	4752	5084	2449	4939	5088	3532	3841	4543	5671	5552	6862	6314	5514	6817	5321	4557	4263	4036	3892	3353	3760	3499	3650	4137	5712	6598	6718	5009	5185	5503	22	2510	2257	2086	1125	13	1894	2322	2412	1096	27	2205	2447	2024	1101	960	4172	4252	3639	3251	898	4558	4265	4204	3282	913	3922	4301	3900	3670
487	9588	8842	7605	6563	4997	3557	2410	2222	842	10132	11763	12621	13003	12642	12373	12793	11144	11135	10601	22840	21638	17053	17210	6530	17312	17201	19225	18515	17998	17453	15419	16819	17096	17037	20408	20015	21319	18816	17241	16871	15174	16481	19381	16854	18346	17413	18394	19759	16743	17564	19561	206	11793	11704	9870	5979	156	10425	10692	10877	5330	155	11497	12707	11503	6253	6121	17103	16893	16310	15514	5728	18100	17225	18626	15785	5428	17152	17272	18001	16694
522	10751	9997	8414	7198	5585	3918	2716	2473	867	10682	13227	13926	14538	13887	13490	13937	12226	12395	11327	22466	22279	18061	18759	6586	18956	18019	24220	26275	23335	16629	13698	15325	16905	17928	20379	20328	22088	19932	19836	19119	17227	18132	24769	23058	23549	16549	16084	17992	16368	18397	20755	226	14072	12771	10204	6719	193	12225	11538	11323	6325	154	13173	13947	12296	7121	7227	20051	18925	18536	18862	7032	21091	19593	21447	19080	6619	20184	19546	20052	19919
637	10860	10844	9345	8138	6134	4583	3283	2542	1076	13127	15865	16711	17033	16621	15685	16687	15121	14164	14365	26930	25171	20844	22975	9590	21599	21530	23803	17533	21863	13795	11089	18869	20052	19925	23186	19187	18470	16915	14881	13966	12933	13531	22876	21785	18663	13143	13749	15350	13213	14692	15342	261	16418	15682	12562	7950	217	14183	14447	14463	7516	231	15111	16155	12192	8403	4861	15301	16886	14642	12811	4590	18177	16433	16570	13777	4738	13778	16399	16001	15372
322	6174	5949	5084	4272	3271	2425	1751	1448	565	6291	8150	8650	8971	8690	8332	8606	7582	7234	7067	14640	14009	11795	12822	4755	12370	11949	10549	9649	13952	11046	8117	11298	11758	11683	13447	11730	11514	10811	10108	9449	8769	9250	10368	11044	12448	10549	10172	10698	9011	9938	10484	149	7981	7658	6213	4095	117	7280	7048	6986	3674	94	7667	8052	6712	4284	3528	9874	10270	9113	8704	3307	11091	10154	10558	9312	3197	9263	9932	10062	9941
72	2436	2326	1924	1721	1208	897	677	402	189	1232	4067	3920	3556	3477	2972	2992	3231	2221	1864	5003	4767	4051	4815	2367	4386	4369	2871	2183	3352	2047	1689	4004	3784	3644	4026	3004	2744	2373	2143	1854	1658	1718	2848	3099	2601	1900	2088	2375	1925	2250	2088	60	4494	4109	3303	1875	36	3778	4087	4204	1967	51	3888	3665	1870	2123	701	2049	2432	2030	1723	646	2520	2306	2304	1899	710	1722	2325	2102	2052
175	5449	5020	4105	3427	2511	1696	1248	999	286	2880	7017	7451	7354	7105	6387	6310	5477	5390	3778	11794	11057	9073	9551	3873	9674	9374	11901	9367	10594	7766	6156	8464	9080	9288	10648	9760	9577	8559	8036	7743	7064	7598	11572	10232	10094	7519	7460	8406	7214	7991	8710	133	7025	6605	5429	3507	83	6170	5999	5998	3105	98	6558	7142	5884	3658	3101	8302	8712	7884	7419	2897	9216	8510	9102	7734	2754	7610	8488	8441	8590
201	4370	4122	3576	2964	2193	1635	1096	926	352	4499	6017	6437	6559	6403	6112	6468	5601	5334	5262	9471	8526	7576	7827	2984	7787	7444	6901	6219	8419	7072	5134	7066	7206	7089	8536	7473	7257	6636	6323	5905	5277	5445	6824	6881	7638	6719	6438	6689	5624	6230	6519	89	5758	5096	3989	2664	75	4946	4645	4347	2427	65	5404	5415	4179	2821	2281	6966	6800	6403	6029	2215	7841	6850	7114	6235	2148	6397	6767	6770	6782
120	3878	3532	3007	2516	1875	1331	913	736	304	2206	5176	5544	5474	5188	4740	4877	4267	3793	2932	9947	9222	7380	8057	3004	7506	7535	8089	7923	9007	6323	4964	6146	6711	7192	8952	8267	8238	7260	6798	6431	5721	5978	8274	8192	8318	6224	6122	6417	5596	6406	7646	108	5021	5063	4053	2588	71	4664	4645	4518	2336	60	4796	5276	4408	2699	2399	6669	6829	6416	5681	2105	7528	6782	7057	6012	2160	6451	6834	6805	6559
656	12300	11706	10153	8523	6607	4614	3262	2803	1098	14040	16441	17284	17971	17490	16831	17548	15369	15855	15104	24531	23783	19390	20770	7501	20125	19922	25821	21986	23692	17191	14088	16993	18211	18624	22234	21592	22459	20133	19122	18520	16757	17498	26554	22558	23274	17102	16883	18547	16540	18159	19992	236	15277	13634	10653	7652	226	13580	12293	11740	6925	189	14305	14542	12452	8080	8016	21115	20152	19588	19805	7600	23241	20508	22161	20337	7265	20632	21041	21090	21324
608	10214	9694	8345	7298	5532	4058	2844	2507	992	12050	12958	13854	14203	13951	13524	14185	12609	12381	12611	21286	19185	17091	18332	6838	18534	17602	23586	19568	22147	16201	13227	17165	18355	17883	20442	18658	17255	16935	16454	15845	14480	15047	23661	21137	20893	16001	16051	17949	15633	16437	17774	256	12967	12712	10215	6657	181	11200	11406	11065	5970	164	12265	13203	11723	6954	6303	17174	17521	16417	15742	5822	18727	17475	18483	16325	5863	16238	17639	17639	17515
208	4582	4198	3630	2957	2266	1631	1119	978	347	3340	6032	6418	6510	6053	5840	5826	5118	5049	4087	8559	7869	6499	7043	2541	6917	6750	8216	7696	7909	6226	5309	6087	6709	6777	7937	7728	7292	6969	6595	6422	5874	6276	8240	7362	7660	6271	6237	6698	6039	6787	7477	71	4214	4362	3957	2352	55	3708	4123	4374	2142	44	3883	4787	4601	2431	2176	5893	6142	5993	5511	2122	6237	6284	6871	5502	2021	5611	6310	6595	5916
296	7449	6950	5944	4712	3585	2558	1778	1419	564	4878	9544	10220	10190	9574	9118	9202	8073	7492	6199	14436	13172	11721	12837	5140	12918	12386	15219	13728	15680	11811	10227	12201	12442	12493	14593	13283	12131	12399	12354	11841	11023	11378	15495	14492	15131	11841	12258	13361	11054	12119	13612	157	9388	8864	7078	4854	158	8389	8040	7718	4514	104	8752	9353	8131	5090	4507	13068	12702	11911	11419	4170	13981	12861	13369	11845	4124	12626	12696	12614	12584
238	4250	3899	3337	2873	2234	1590	1079	983	387	5337	5167	5604	5911	5688	5628	6128	5176	5376	5546	10814	10976	8934	8834	3235	8705	8475	9591	11214	10744	7605	6515	7144	7942	8381	9823	9635	10654	9775	8816	8599	7873	8379	9456	10328	10696	7700	7486	8249	7530	8727	9587	103	5576	5460	4204	2793	78	4808	4967	4791	2488	81	5251	5950	5216	2795	2985	8341	8070	7664	7638	2697	8952	8263	9142	7653	2589	8257	8265	8441	8178
148	2276	2300	1979	1652	1278	965	660	621	214	2430	3335	3661	3612	3512	3446	3479	3168	2861	2940	5501	5199	4191	4530	1687	4385	4225	4110	3656	4782	3528	2886	3738	4031	4146	4908	4555	4532	4061	3647	3465	3213	3373	4158	4283	4286	3235	3325	3808	3250	3594	3931	49	2431	2709	2385	1466	19	2110	2449	2782	1301	31	2278	2949	2733	1527	1052	3046	3476	3226	2713	982	3384	3306	3549	2915	941	2876	3284	3497	3017
1761	6403	5853	5590	4669	3670	2537	2746	2745	2269	71908	68176	71998	75221	71934	71446	74440	66005	69138	70436	99407	93218	84408	88879	37753	87877	85665	101185	119645	107394	99535	101043	104354	99327	92808	103859	96052	93150	92748	96495	97293	88174	91556	104030	98970	110021	99653	117673	126771	103498	102504	109166	81	926	1723	2123	1093	63	772	1857	2252	1266	64	914	2247	2488	1427	31761	93842	91920	91719	88717	31253	98194	95002	105483	88350	29140	97033	95894	100281	92876
399	2378	2083	1900	1573	1199	824	789	763	565	14989	16226	17205	17600	17032	16674	17137	15619	15700	15873	34901	37086	28939	28814	11437	27680	26850	24947	39165	34845	27580	22678	23354	25405	26591	31525	32090	37033	33160	30885	29556	26029	27165	26252	32020	36323	27914	26578	28543	25257	29085	32051	32	287	609	709	373	23	247	618	754	422	22	278	750	771	507	10450	30172	28050	26597	27748	9992	31819	28941	30866	27704	9209	31585	29199	29178	28918
299	1967	1656	1579	1269	929	628	620	634	522	12055	14124	15450	15540	15018	14722	15340	13742	13756	13128	27334	28053	22984	22855	9937	22380	21733	24064	33132	27891	20292	16866	19159	20241	20943	24255	24668	27111	24598	23185	22294	20434	20911	25131	27630	27815	20665	19637	21452	19537	21914	23462	22	287	503	635	309	12	215	532	599	350	14	254	604	651	396	8234	23176	22129	21266	21145	7853	24853	22401	24163	21619	7537	23330	22557	22766	22612
417	2085	1712	1692	1354	1048	729	683	726	554	17095	14695	15787	16754	15721	16123	16787	14870	15891	16699	28868	30357	24028	23302	9700	22778	22575	24012	34151	28330	22192	17791	18818	20721	21906	25730	26065	30785	27428	25159	24684	22484	23722	24740	28713	28656	22336	20519	22230	20823	23555	26043	19	245	503	600	325	14	197	487	617	325	26	268	634	646	386	8307	25615	23529	22510	22973	8515	26435	23992	26362	23015	7692	26649	24544	24772	24144
394	2088	1774	1635	1307	1093	732	688	660	469	15185	12955	14097	14890	14567	14550	15395	13751	14265	14888	22582	20358	16719	16471	7192	17661	18297	12269	12926	13002	14587	20042	26093	27258	24720	25119	21435	20585	18490	17870	18564	17800	20380	12334	10758	13066	14656	22921	31309	28986	28003	27142	22	166	345	367	205	8	124	364	432	218	12	165	442	417	262	5634	17397	15899	15002	15588	5682	18109	16118	17090	15526	5235	18214	16519	16249	16155
274	1649	1428	1314	1009	828	569	538	544	367	10295	9884	10520	10961	11196	10878	11625	10460	10417	10820	17144	16096	13771	14261	6179	14063	13751	12403	17169	16134	14892	13522	14022	14489	15208	17434	15567	15298	14533	14282	13812	12879	13409	12794	14153	16295	14411	15594	16547	13941	15882	17070	15	144	250	268	126	4	105	294	304	195	10	140	296	312	208	4288	12190	12308	11925	11007	4008	12797	12559	13544	11380	3863	12457	12668	12926	11796
1380	4740	4320	4247	3393	2848	1993	1989	2086	1650	52864	41418	44057	46349	45718	45423	48511	43670	46554	50035	70837	61356	50921	50006	21146	54877	57605	28761	27550	31374	34059	55773	78914	91742	84680	81807	71514	65301	59011	57204	60429	57962	66680	28966	22343	32478	34072	62606	96368	99751	100157	93284	54	502	941	1083	592	31	411	1006	1162	664	32	507	1249	1313	734	16008	53920	45868	44315	46455	16149	54661	47812	50855	46279	14560	57033	48241	48053	47933
686	2579	2169	2128	1788	1393	967	1083	1125	978	28673	24999	26468	27120	27331	26455	27929	27157	27691	29329	29973	29064	27552	28125	12946	29674	28947	21547	20312	24033	18878	23895	38907	40638	36785	35773	26764	24974	26324	25755	25162	23770	25346	22767	19589	22732	17832	28357	39750	34807	34745	30142	30	342	608	739	431	14	256	614	768	431	21	325	754	756	471	11810	26756	27455	26732	29039	11558	29968	27511	30191	29467	10773	25276	27480	28450	30534
1244	26964	23518	20104	14844	10770	6806	4247	3630	1706	44604	38532	40717	42789	42016	41834	44298	39091	41567	43134	74687	68140	57230	60202	25315	60637	60003	66327	76334	66843	79675	70947	67991	63655	64465	74731	72398	69932	64709	64697	67144	61004	65328	68320	61310	68725	79528	80551	81977	65932	68168	76674	598	41974	41037	36094	22899	445	29104	36526	37082	20478	425	39088	41850	43510	23187	20272	60308	59586	59609	57509	19886	62790	61874	69452	56801	18124	63488	62905	65826	58199
1197	3464	4167	4359	3804	3335	2321	2059	2256	1630	34360	27387	35727	35784	35097	33952	37091	30835	31053	34220	22800	21852	19863	21558	8658	21081	20701	20562	22454	23091	15766	16876	20908	22924	21999	23317	21327	22236	22943	24469	25231	22664	23669	21184	18547	23870	15722	19375	25215	24743	25237	25507	20	384	598	657	407	26	295	635	703	439	14	333	730	809	441	8602	33668	25818	24355	28341	8609	34526	26769	28625	27297	8109	36173	27269	25906	28818
800	2658	2370	2315	1884	1522	1027	1118	1095	979	28858	23496	24995	26486	26031	26373	27704	24605	26192	27577	29135	27235	24347	25873	10684	25487	24393	40978	50430	39607	22893	19152	21347	23407	24621	28509	27180	26980	26657	27611	28041	25325	26122	42338	41952	40909	22413	21843	25012	23319	26513	29624	35	330	526	668	391	15	226	585	674	362	16	286	714	710	445	9172	27514	27492	27403	27260	9139	28387	28126	32762	26629	8332	28657	28725	30722	27939
134	860	791	685	513	413	309	254	260	186	5197	5074	5522	5771	5612	5538	5893	5050	5290	5295	6558	6448	6031	6179	2691	6420	6571	5599	5532	5646	3294	4621	8273	10175	9434	8259	6168	5984	6182	6251	6497	6223	6970	5713	4864	5582	3191	5464	8884	10307	10556	8896	5	93	146	211	110	11	72	184	211	126	7	109	202	202	125	2925	8354	6859	6599	7499	2870	8861	7032	7586	7648	2666	8631	7049	7128	8027
54820	113189	120138	130687	129437	149218	142554	137643	154346	115328	22825	25417	25719	27105	24544	25037	26393	23231	23559	24153	36702	34260	30622	32253	12916	31983	31028	34217	28159	33844	41500	34632	36499	35146	34710	38245	33632	31183	30760	31084	30143	26826	27632	34790	25720	33032	40573	39913	40146	32390	33883	35774	1361	71051	63187	55900	35004	1241	55438	63150	59757	36387	1045	71450	71680	65315	43087	9005	24472	26336	26367	25363	8637	26190	27311	30443	25512	8025	24623	27351	28596	27015
107159	147007	157451	172784	176844	196682	188291	185198	203830	190002	34950	33746	34128	35694	32686	33456	35320	30960	31639	34330	42985	41152	37704	40287	15979	39377	38729	35448	28276	36108	45029	42396	46930	44349	43998	47072	40154	37382	37278	37755	36418	33048	33937	35449	26752	34406	44316	48828	51346	41582	42595	44376	1730	83603	73844	64977	42471	1574	66633	73350	70268	44208	1409	85419	82759	74201	51961	9698	27495	30164	29537	28267	9334	30033	30913	34633	28156	8729	27002	30643	32273	30054
1241	37410	36393	35022	30992	24069	18251	14401	12000	2263	16337	17289	17572	18312	17554	18026	18452	16410	17517	16982	28021	25940	23433	24985	9965	23918	23786	16384	20574	21272	26134	27870	32291	29515	28310	30105	26432	23699	22717	22737	22280	20630	21785	16884	17354	20959	26052	31604	34056	27488	28765	29797	306	29135	31107	28774	17785	206	21610	26987	30388	18726	217	29210	30765	28536	21559	6762	16513	18324	18905	19882	6674	17300	18746	22470	19593	6334	16947	19298	20791	20337
1020	36493	35568	34306	30067	23294	17240	12947	11260	1963	13941	19025	19186	19269	18506	17718	18828	17180	16528	16168	42664	39075	34355	36123	14144	34506	33887	14000	18790	25691	37847	41589	46280	45102	42421	47250	40361	37431	36367	35854	34535	31485	33537	14018	16840	24467	37392	49244	53314	43836	45095	47002	361	34274	35331	33859	24733	293	25068	30974	35343	24839	278	34271	36124	40273	27555	6525	22383	24062	24259	23092	6113	23604	24724	28568	23196	5984	21975	25010	26828	24381
3962	7763	5985	6199	6574	6329	6579	8570	6919	7491	16480	1683	2346	3081	4247	5622	6699	6602	7776	13834	1147	1335	1628	1543	1996	1542	1223	2456	1021	1482	1296	1145	1287	1112	1160	1191	984	908	951	1009	949	840	814	2330	987	1278	1220	1086	1143	900	970	898	80	3039	2476	2153	1127	60	2413	2580	2923	1333	89	2726	2215	1449	1592	1104	1826	1885	1978	2318	1208	2004	1941	2294	2530	1048	1788	1920	2270	2629
3238	27731	28340	26212	25182	19887	16770	16178	14337	7171	11076	12801	12452	11811	12421	11672	12348	12193	11835	11876	23857	24895	23273	24926	10304	24874	22933	11089	15908	20914	21094	22179	24193	25553	25448	28339	22386	21002	21744	22583	20907	18570	18165	11757	14545	19279	22126	25686	26320	23448	26807	25392	287	25897	24650	22127	13988	246	19723	22797	25313	15132	232	25080	23556	22939	16463	5077	13942	15707	15799	14863	4681	15248	16232	17567	15313	4714	13494	15898	16962	16275
12234	64331	60559	56650	59137	54338	57067	65429	43438	32415	11979	13164	11583	10569	10851	10148	11811	11928	9503	12681	7515	8274	7917	9789	6349	9037	8229	8983	5656	8429	6626	5655	7925	7196	7084	7780	6004	5386	5736	5873	5148	4637	4664	8869	5814	7058	6669	6712	6108	5174	5798	5397	665	38494	27293	23976	11079	444	28543	30839	29982	14721	589	35820	26026	13918	16504	2396	5346	6041	5613	5426	2092	6056	6015	6223	6002	2247	4877	5983	6174	6663
718	3088	2806	2656	2678	2145	1879	1813	1514	1047	7661	2405	2385	2674	3282	3587	4261	4320	4451	6716	3084	3424	3170	3539	2167	3426	3223	2922	2126	2898	2505	2479	3448	3336	3401	3357	2692	2266	2402	2416	2184	2023	1902	2859	2088	2371	2485	2818	2951	2527	2845	2724	37	2936	2794	2591	1750	34	2016	2491	3242	1743	47	2548	2445	2314	1932	1352	2088	2427	2562	2815	1149	2238	2571	2915	2838	1188	2046	2457	2855	3072
4114	28474	30085	27826	26992	21601	18416	16898	12369	7295	17025	15814	16169	15713	16092	15306	17300	17120	14504	17169	21810	20735	18999	23316	11603	21344	20455	12707	11756	16552	15879	15097	23025	20771	20095	22726	16428	13947	13493	13587	11884	10932	11141	13150	12203	14118	15765	17486	17382	14305	16332	15346	331	28316	26863	24648	15950	219	20257	24784	28409	18066	255	26564	24735	16376	19876	4434	9617	12127	11777	11324	4014	11217	12213	13152	12014	4034	9034	11778	12764	12966
416	14236	14729	12029	10377	6916	5946	5330	2282	886	4009	9016	8410	7650	7423	6158	7229	7527	4239	5003	5829	5457	5449	8325	5599	6274	6241	3557	2598	3787	3212	2972	7991	5858	6061	5427	3635	2873	2758	2558	2269	2058	2120	3600	3217	3042	2956	3382	3776	2978	3297	2875	228	17363	14557	15079	7827	100	10839	15823	18021	11735	131	15132	12925	4579	12004	1052	2324	3045	3007	2776	967	2733	3117	3331	3102	1000	2103	2883	3229	3355
301	948	935	889	898	853	770	695	537	470	2896	1108	1086	1060	1280	1332	1698	1687	1761	2558	588	732	726	747	809	734	602	779	449	767	756	523	654	575	574	605	441	469	436	490	430	414	410	761	436	706	728	548	544	430	557	454	20	908	751	756	402	9	567	843	1009	549	13	735	651	377	531	414	588	642	708	810	357	670	683	835	944	366	610	654	834	884
342	1849	1971	1808	1744	1495	1310	1386	956	639	2409	2140	1964	1848	1972	2046	2284	2218	2446	2507	1548	1760	1627	1924	1433	1697	1537	1711	1077	1932	1946	1350	1560	1456	1472	1487	1194	1239	1128	1167	1046	994	997	1786	1057	1626	2101	1483	1392	1184	1433	1124	33	2175	1822	1819	1005	15	1371	2011	2430	1231	20	1909	1692	991	1207	707	1193	1309	1464	1551	675	1279	1413	1706	1643	655	1170	1385	1824	1701
954	2496	2605	2664	2588	2526	2549	2387	2068	1724	4286	2116	1913	1774	1941	2073	2337	2324	2310	3576	999	1143	1031	1372	1098	1168	1065	1527	729	1289	1241	836	1140	1034	1001	1012	809	814	770	776	719	669	641	1452	757	1095	1291	928	883	741	852	743	36	2059	1610	1728	856	16	1277	1881	2011	1088	36	1646	1460	796	1128	498	870	1035	1030	1106	546	937	1009	1248	1191	491	796	993	1205	1263
8	297	208	192	104	88	52	37	28	14	218	276	257	262	230	244	246	215	205	203	307	241	237	237	100	241	239	237	247	235	246	216	196	209	227	288	287	282	265	266	290	233	271	290	216	222	239	278	300	242	242	272	5	363	271	219	105	7	258	215	186	98	3	377	277	216	112	93	469	339	299	340	93	445	361	328	320	82	500	338	315	341
0	15	27	15	18	14	9	7	4	3	9	25	20	28	28	21	31	19	19	21	72	88	81	59	21	71	74	61	68	59	60	69	63	77	55	77	62	69	66	69	74	56	65	65	58	71	56	73	73	78	58	76	9	76	78	92	61	14	44	76	69	66	7	71	75	75	79	22	57	75	69	53	22	79	75	85	57	9	77	68	66	77
0	0	3	1	0	0	0	4	0	1	2	0	1	1	1	1	2	0	0	0	6	7	4	5	1	2	8	10	5	7	2	4	4	10	6	6	2	6	8	6	10	6	7	8	7	8	7	2	6	9	10	6	0	7	6	1	3	0	4	0	2	2	0	0	1	8	1	2	6	3	3	4	3	6	4	4	12	3	5	6	4	5
0	0	0	1	1	0	0	1	0	0	2	0	1	0	1	1	0	1	1	1	0	2	0	0	0	0	1	0	0	0	0	0	0	0	0	0	0	1	1	0	1	1	0	0	1	0	0	0	0	0	2	0	0	0	0	0	0	0	1	0	0	2	0	2	0	0	0	0	0	0	2	0	0	1	0	1	0	0	0	0	0	2
0	0	1	1	0	0	0	2	0	1	0	0	0	0	4	1	0	0	0	0	0	1	0	0	0	0	0	1	1	0	0	1	0	1	1	1	1	1	0	0	1	0	1	1	2	0	0	1	0	0	0	0	0	1	0	0	0	0	0	0	1	1	0	0	0	0	0	0	1	1	1	0	0	3	2	1	1	0	0	3	1	1
0	6	5	5	2	1	0	0	0	0	2	7	6	9	7	5	8	3	5	8	301	326	335	322	96	311	314	250	207	259	177	226	263	285	255	324	311	342	310	381	329	300	283	272	181	269	199	296	304	307	322	329	54	455	355	411	304	35	324	381	386	317	34	471	430	366	372	139	361	305	323	360	125	396	326	379	356	111	404	344	371	382
0	1	0	0	1	0	1	1	0	0	0	1	0	0	1	0	1	1	0	0	0	2	1	4	1	2	2	3	2	1	2	1	0	5	3	3	0	1	0	2	0	0	1	4	2	1	1	3	1	0	1	3	0	1	1	1	1	0	0	1	0	0	0	0	0	0	0	1	1	4	1	2	0	1	1	0	1	0	1	1	2	5
1	8	1	3	1	2	1	1	1	0	2	3	3	4	3	8	6	3	1	4	109	137	101	130	49	113	114	95	73	126	70	104	106	96	115	140	131	117	128	129	111	99	99	87	64	83	73	91	115	111	123	139	4	228	152	147	109	15	154	165	140	125	8	214	186	158	175	46	196	143	132	142	52	213	153	189	180	50	187	170	195	185
1	50	46	47	55	69	42	52	32	12	22	2	3	2	9	5	14	3	12	14	12	18	17	14	6	21	17	160	48	24	31	12	27	16	33	10	12	11	11	11	21	17	11	190	38	26	34	6	15	11	14	6	0	112	126	73	53	0	55	68	64	20	1	76	101	42	51	21	23	24	35	57	30	28	40	42	38	20	32	30	43	35
0	1	1	0	3	1	2	0	0	1	0	0	1	3	2	0	0	2	2	3	6	5	4	0	0	3	1	6	1	3	2	7	5	3	5	3	1	3	5	3	3	4	3	0	1	6	2	8	2	4	5	2	0	0	5	2	1	0	0	0	0	0	0	3	2	1	0	2	0	4	3	4	0	3	5	8	4	3	6	5	3	6
3	2	3	2	4	2	0	0	0	2	3	2	2	6	5	4	7	10	5	3	222	224	230	196	76	225	210	177	243	256	213	243	220	242	250	238	186	217	235	247	242	205	198	178	225	213	242	248	302	232	246	235	45	165	140	157	123	6	110	142	188	125	23	143	189	170	162	82	259	238	209	238	83	246	236	253	247	73	260	216	271	257
0	0	1	0	2	0	0	0	0	0	2	0	0	0	0	0	0	1	0	0	1	0	0	0	0	0	1	0	2	2	0	0	0	0	0	1	0	0	1	0	0	0	0	0	0	0	0	0	0	1	0	0	0	1	0	1	1	0	0	1	1	0	0	1	3	0	1	0	0	0	0	0	1	0	0	0	0	1	1	1	0	0
0	1	0	3	3	0	3	1	0	0	1	1	0	1	0	2	0	1	0	2	5	0	1	5	0	4	3	3	3	2	2	2	1	1	4	3	2	1	3	2	1	0	1	2	4	2	3	3	3	0	2	2	0	0	2	0	0	0	1	0	2	1	1	1	1	1	1	0	1	1	3	3	0	3	2	1	4	1	1	3	1	1
2	9	3	10	4	4	5	8	4	4	4	0	0	1	0	1	2	2	1	2	6	1	7	3	1	2	3	14	3	9	9	5	5	7	2	3	2	8	10	7	13	6	4	7	3	4	9	6	7	8	2	5	0	11	12	12	3	0	7	11	10	4	1	10	15	9	6	0	1	7	9	4	1	3	5	9	3	3	6	8	3	4
0	1	0	0	2	0	0	0	0	1	0	0	1	0	0	0	0	1	0	0	2	0	1	0	0	1	0	0	0	0	0	0	0	0	1	0	2	1	0	1	0	0	1	0	0	1	0	0	0	0	0	0	0	0	0	1	0	0	0	0	0	1	0	0	1	0	0	0	0	2	0	0	0	0	0	0	0	0	1	0	0	1
0	2	1	3	2	0	2	3	2	1	0	1	0	1	1	0	2	0	0	0	1	2	2	1	1	2	1	2	5	2	4	0	1	1	0	3	1	2	3	1	1	3	2	4	1	8	3	2	2	1	1	2	0	3	4	2	1	0	3	3	3	2	0	2	2	1	6	0	3	1	3	2	0	5	3	4	2	1	2	2	1	2
1	8	4	4	1	2	4	1	0	0	3	12	13	11	13	7	7	21	6	7	315	315	288	357	116	352	342	303	256	330	166	184	253	262	253	285	248	288	291	333	286	263	284	296	247	315	164	197	278	254	251	269	11	515	295	218	174	4	395	304	261	180	4	495	345	275	186	235	680	615	699	662	255	825	652	778	732	194	733	661	733	714
0	1	0	1	0	0	0	1	0	1	0	1	0	0	0	2	0	0	1	1	1	2	1	1	0	0	3	2	0	0	5	1	1	0	2	1	1	0	2	2	1	1	2	1	1	0	0	0	3	0	1	1	0	0	0	0	1	0	1	0	0	1	0	1	1	0	0	0	2	1	0	1	0	2	3	1	0	0	1	1	1	0
3	2	4	6	2	5	1	0	4	8	2	3	5	5	3	4	3	1	4	6	40	43	42	27	16	39	34	49	33	45	44	31	53	51	36	47	51	48	26	28	39	36	34	55	30	42	45	38	50	31	32	35	2	48	61	53	50	2	45	45	58	56	2	60	38	47	36	6	62	36	41	37	17	63	70	56	38	9	55	36	38	54
542	5400	3659	3062	2546	2091	1829	1821	1191	947	9587	9930	6895	6360	7004	6683	7972	8238	6112	9241	3626	3440	3451	4197	3781	3786	3521	8187	3124	3560	2576	2287	3498	3381	3615	3679	2744	2358	2503	2458	2278	2050	2099	7376	3174	3120	2450	2686	2790	2348	2840	2756	74	4397	3302	3143	1479	32	2731	3694	4044	1982	44	3469	2792	1555	1867	1681	2476	2988	3106	3182	1572	2762	2978	3396	3442	1551	2278	2863	3216	3795
255	6870	7663	7691	6533	6130	4627	3546	2718	482	3924	6963	7249	7447	7002	6474	6854	6378	5058	5082	8139	7918	7989	9973	4102	8714	8306	4041	4330	6067	4394	3997	7514	7484	7267	7466	5580	5344	5701	5989	5426	4826	4714	4082	4779	5117	4142	4776	5463	4884	5368	5251	88	6252	4778	4340	2505	50	4247	5101	4724	2453	47	5929	5524	3047	2595	1091	3788	4358	3896	3250	970	4339	4398	4465	3542	1008	3418	4172	4358	3828
92	1537	1338	1098	1017	700	514	407	248	159	920	2626	2206	1812	1754	1310	1403	1510	912	1080	1192	1015	1002	1408	919	1191	1119	346	200	502	489	516	1327	1157	938	1177	700	535	557	518	414	364	418	309	343	361	512	678	713	562	573	574	23	1505	1057	1038	502	6	924	1274	1388	733	12	1291	931	385	690	140	358	468	406	301	108	436	495	409	345	151	286	413	418	410
1061545	172356	244267	294970	394786	520883	587132	583100	651122	1063601	330460	284388	328154	336796	313957	292155	275928	263731	285937	314612	37	49	23	5	202	3	14	9	43	2	221	9	124	41	7	8	502	176	279	291	347	454	431	9	59	95	16	46	171	161	81	103	590	46	54	150	283	434	164	41	85	282	589	44	47	52	182	497	26	66	29	93	455	30	59	58	161	479	25	32	60	111
440	5090	4457	3783	1319	1238	608	499	581	520	20296	21545	24453	25625	26008	25105	28792	25045	17740	20633	6213	6500	5823	6373	2894	5843	5606	8241	4711	5883	3149	3242	4238	4492	4545	5820	5713	6211	6173	6140	5614	4923	4993	8096	4586	5931	3371	3963	4531	4523	5122	5566	55	2501	1591	1648	771	26	1800	1731	1843	851	23	2918	1974	1698	660	4494	13349	11225	11058	12113	4352	14021	11127	12036	12522	4073	13999	11054	11483	13218
664	13408	10442	8596	2996	2476	1084	822	870	750	35082	38126	43187	48194	48329	46254	47651	40275	36330	38054	8388	8859	8693	10181	4255	9233	8411	11535	6392	8691	5195	4428	5889	6242	6293	7639	7233	7891	8599	9043	8534	7841	7286	11286	6346	8492	5371	5560	6153	5746	6336	7108	112	5970	3643	3577	1882	59	3844	3749	3784	1906	77	6619	4571	3672	1432	7091	20065	17275	16758	19182	6909	21375	17152	18807	19645	6321	20558	17247	17604	20929
624	17304	13054	10612	3767	3078	1336	874	982	717	34315	38259	45257	50856	50372	48957	49921	40794	41736	36712	10285	10161	9474	10505	4474	9759	9400	16125	9572	10467	6070	5730	7571	7903	8260	9696	9438	10026	10096	9750	9612	8714	8748	15695	9271	10839	6240	6865	8111	7808	8697	10101	106	8044	4996	4941	2370	76	5276	4976	4868	2328	53	8807	6381	5348	1809	7786	23445	19131	19599	22243	8021	24762	19630	22215	22321	7351	24983	19635	20914	23704
756	40008	33936	30845	21156	15299	9478	5745	4721	875	26563	24950	26714	28225	27627	27552	29399	25566	25000	26614	34095	31124	28514	30306	12448	30876	30351	31376	37415	33955	41571	33783	32327	34173	36720	40385	33426	31564	33072	34354	35762	32191	34783	33120	29948	34547	42885	39538	40791	35736	41142	44928	345	35606	30423	28798	17436	269	24709	30257	29121	16429	221	34553	34799	35666	18173	10072	29063	29323	31012	29927	9610	30137	30434	37114	29417	9145	30734	31644	34568	30191
517	30819	27628	26668	20329	16231	10983	6864	5987	689	18488	19008	19570	20748	19758	19437	20128	17204	18454	18467	28579	25166	21482	22263	9680	22309	22290	20804	22989	23734	28751	25547	26193	26099	26275	29954	26747	24699	23620	23844	23424	21723	23111	20604	20648	23260	28317	30338	31226	25205	27444	30062	279	27560	24956	24783	16811	213	18446	24651	25059	16100	197	27374	28378	29028	17403	5446	18609	20187	20242	18850	5394	19752	20515	24468	18660	4962	19079	20889	22496	19481
358	37441	35812	31956	25739	18475	13493	9433	5372	628	11665	19576	20988	20385	19865	17639	19959	19465	12839	15248	10424	10090	10571	14037	7633	11965	11705	7250	7472	9294	7611	6589	14438	14420	13962	11944	6967	6277	6768	6248	5690	5317	5587	7286	8143	7678	7320	7963	8431	7920	9160	7599	310	34226	22755	18784	9440	187	22522	22891	20310	10352	186	32853	23021	11340	11583	1854	7537	8174	7095	5716	1733	8877	8102	7715	6098	1642	6706	7739	7520	7018
628	26892	20764	17239	9297	6263	3309	1917	1626	738	27724	26148	29146	31963	32878	33346	37264	32376	26005	29154	20965	19075	15807	16763	7554	16030	16281	14828	12550	15240	15668	15725	17679	18164	17890	21436	20310	19096	17630	17526	16897	14952	16417	14922	12286	15497	16047	18942	20923	17821	19173	21212	218	22177	14148	11740	6405	156	14813	14118	11662	6047	179	21278	16258	12705	6306	6379	23195	19780	18913	19261	6311	24772	20571	21649	19235	5771	23895	20460	20598	20565
354	20730	16511	13882	8521	5900	3382	1854	1429	405	15715	16964	17123	17311	17253	15567	17513	16478	13364	16665	7917	6946	5797	6545	2927	6468	6488	6269	5015	5568	4693	4745	6046	6323	6753	7988	7351	6703	6129	5984	5908	5480	5907	6066	4738	5266	5046	6004	6828	6138	7095	8051	159	16561	8642	6794	4593	107	11205	8814	6971	4040	104	16228	10180	7535	4944	2517	12441	9485	8173	7775	2310	13561	9565	9451	7939	2340	12664	9392	8901	8677
353	11786	10646	8950	5271	3756	2063	1314	1001	472	11982	18209	18473	18107	17563	15966	17183	15690	13773	13416	10191	9384	8574	9577	3756	8869	8711	8396	5267	7594	5964	6117	8790	8935	8694	10279	8743	8416	8422	8227	7915	7269	7214	8354	5491	7290	6103	7498	8781	7674	8176	8645	153	12806	7641	6004	3376	84	8878	7631	6310	3495	101	12041	8227	5447	3644	4133	12437	11278	10965	11414	4052	13747	11399	12109	11798	3851	12210	11237	11508	12592
6	379	338	339	254	220	141	105	104	8	229	336	356	330	311	259	264	275	223	231	225	197	196	223	95	233	242	348	210	295	193	162	211	238	198	217	179	160	144	176	177	127	154	331	242	225	171	202	200	188	154	175	11	509	322	273	159	4	323	320	285	142	5	491	343	209	171	80	301	324	244	242	82	396	288	290	266	62	321	314	286	293
1	7	3	3	2	2	1	1	1	0	5	4	3	3	15	6	12	5	5	7	74	83	72	78	33	80	71	38	22	39	51	27	90	77	88	64	40	45	40	52	37	40	35	40	28	43	31	44	66	70	48	38	11	105	78	73	63	5	63	83	89	50	10	98	101	57	52	16	47	44	52	42	13	35	34	57	45	15	38	47	45	50
0	3	1	0	0	0	1	0	0	0	2	0	5	4	2	6	9	5	1	10	5	8	6	1	0	3	5	3	2	3	3	3	4	6	3	4	4	5	3	7	8	0	4	4	8	5	2	5	3	8	5	5	0	4	1	1	0	0	0	1	2	2	0	2	4	0	1	3	4	1	2	2	1	4	9	5	7	0	5	3	5	10
2	10	3	3	4	2	1	2	0	2	6	6	6	6	11	6	16	11	3	13	8	12	8	4	9	6	6	8	10	5	8	2	6	3	6	4	6	4	12	3	5	6	8	3	4	8	3	4	7	8	8	13	0	5	6	6	1	0	4	4	7	4	0	3	7	0	5	5	11	6	5	9	4	7	9	8	5	3	12	6	8	7
0	5	4	1	1	1	2	1	1	1	6	3	7	0	10	5	7	2	3	3	3	16	11	3	2	7	7	7	2	3	7	5	4	13	7	5	4	10	9	6	5	3	5	5	8	9	6	4	8	12	6	2	1	7	6	7	3	0	3	4	5	4	0	3	3	2	2	4	7	7	3	4	2	6	11	4	8	2	3	3	12	8
26	21	30	43	34	57	37	30	48	28	3	11	5	5	6	7	6	7	10	4	14	18	19	15	5	11	18	45	35	27	44	37	26	30	12	16	20	14	28	21	30	21	33	46	35	30	73	34	39	24	19	19	2	80	61	68	34	3	66	74	79	34	0	80	91	63	36	5	18	33	32	22	9	28	36	54	25	6	24	29	24	27
8	15	14	17	12	11	12	13	11	10	19	10	7	10	13	9	15	13	11	11	145	137	111	138	64	100	110	132	103	127	99	106	121	108	140	119	126	116	135	125	118	91	111	117	98	116	100	145	147	111	108	147	18	257	204	199	152	11	165	212	221	173	11	242	252	223	185	68	212	183	165	158	50	258	184	210	190	55	225	195	166	222
1	6	4	6	5	7	8	3	6	0	4	2	4	3	9	7	3	2	6	3	49	29	35	34	24	36	39	70	36	39	29	29	48	34	52	48	43	39	38	32	30	29	38	61	35	46	44	47	40	39	36	37	0	65	49	59	60	4	59	51	69	51	2	75	70	48	43	27	96	78	79	50	25	85	69	83	75	21	66	52	78	79
0	5	8	8	9	8	4	8	5	9	6	4	3	6	6	8	8	8	4	8	93	83	67	109	43	82	71	76	45	53	36	46	83	71	73	94	50	51	50	63	50	49	46	60	58	50	45	46	63	45	48	48	15	160	93	132	84	10	100	129	125	115	6	123	135	90	117	34	75	75	75	67	11	101	78	83	89	21	85	75	81	82
414	2455	2268	2235	1977	1639	1269	1289	1099	803	8110	14198	15092	15167	15017	13373	14197	13239	10948	10544	18671	18258	14927	15909	5992	15635	14927	14833	12414	15980	8714	7529	12264	13482	13305	16317	14468	14785	13404	12121	10875	9830	10439	14967	15191	14419	8651	9268	10652	9793	11329	12488	24	164	352	406	269	16	141	344	440	277	19	137	443	363	303	5410	16175	15474	14097	13781	4955	18660	15313	15696	14453	5082	15138	15187	14857	16095
961	10615	9865	8971	7547	6009	4210	3052	2758	1348	15747	14847	15538	16172	15590	15209	16016	13943	14517	14843	17648	16570	14964	16253	6027	15814	15454	22468	23441	22313	12340	10721	13189	14537	15049	17918	16165	15835	16104	16268	15827	14152	14551	22530	22493	21664	12058	12519	14616	13726	15864	17451	201	11748	10823	8643	5569	153	9232	9217	8977	5011	117	10993	10777	10370	5992	6804	17275	16725	16106	16450	6310	18766	17119	18934	16526	5958	17504	17193	17714	17785
1158	21367	19565	17032	14640	11477	8387	5723	5197	1769	29242	26092	27648	28720	27612	28078	29337	25811	26580	27982	30522	29955	25346	26744	10113	26577	25757	37070	32089	31045	22976	19473	21793	23671	24564	29071	29035	30400	28324	27740	27166	24305	25294	37360	29336	30774	23358	23000	25490	23215	26602	29365	478	24671	20434	15633	12066	419	22119	18185	17246	10887	320	23028	21475	18856	12965	14796	37024	33099	33005	35187	14266	39197	34050	37610	35415	13474	38067	34325	35409	37270
620	10831	9861	9146	7041	5612	3649	2458	2306	1091	14161	18486	19675	20229	19547	19252	19673	17164	17668	15791	31388	29990	24620	25929	9164	25845	25072	31778	34358	31155	24863	20556	22424	23968	24752	29286	28517	30037	28074	27641	27099	24165	25337	31647	29391	31207	25233	24252	26256	23700	26378	29613	272	14371	14442	10840	7136	250	9049	9653	10134	6120	150	14228	12501	12749	6965	10473	25663	24873	23809	25367	9865	27037	25470	27929	25209	9504	26625	25895	26278	26410
609	8755	8569	7984	6684	5481	3964	2632	2396	933	12071	12611	13401	13909	13438	13468	14152	12181	12678	12390	31137	29301	24388	25256	9834	25226	24937	33204	34159	31042	26180	22357	24182	25814	25295	29078	27344	28626	26352	25647	25064	22672	24081	32978	30459	31739	26428	26066	28107	23792	26512	28183	294	16188	17505	14520	8224	222	11487	12798	14228	7244	198	15524	16335	17384	8593	9154	23546	23994	23145	22278	8723	25113	24617	27147	22548	8167	23900	24664	25529	24109
378	1488	1340	1372	1207	1109	842	815	776	561	10174	8073	8925	9071	9060	9409	9862	8808	9011	9688	19811	18629	14954	15799	6088	15910	16013	17981	21635	19387	17653	16275	16988	17791	17658	19964	18104	17985	17146	16840	16824	14855	16313	17675	19310	19568	17819	18811	20375	17202	18961	20349	7	116	192	240	166	12	89	201	268	140	8	97	289	308	194	5314	15086	15059	14915	14520	5160	15970	15797	17781	14598	4897	15335	16043	17023	15356
343	1068	987	921	946	824	660	650	649	546	9470	8186	8691	9112	9316	9212	9957	9387	8505	9865	12887	12653	10860	12404	5373	11243	11025	9616	5799	9346	7294	5051	10564	10446	10328	11249	8098	7714	7360	6546	5961	5735	5880	8855	8674	7463	6556	6673	7205	5622	6254	6427	14	111	161	200	117	8	74	180	208	119	6	78	199	165	176	2561	6653	7527	6565	6053	2460	7808	7097	7508	6491	2441	5715	7033	6930	7218
234	1380	1223	1256	1083	934	683	628	655	459	5414	7072	7196	7369	7281	7165	7409	6413	6427	6049	11671	12317	10370	10450	3840	9917	9716	10012	11554	11778	7870	6612	8386	8922	9296	10991	10084	10984	10820	9683	8796	8168	8471	10025	11413	11337	7885	8037	8775	7882	8942	9847	7	94	204	222	182	12	88	234	241	165	6	111	260	255	192	3999	10982	10350	9553	9738	3564	12113	10475	11028	9951	3522	10561	10366	10336	10765
753	3893	3544	3413	3038	2577	1951	1898	1983	1172	15707	18677	19758	20375	19614	19347	20140	17254	17741	16234	41428	43026	34420	34239	12038	33593	33301	35341	48671	42024	37630	32512	34040	34838	34694	38945	37483	41705	39035	35739	34424	31170	33208	36606	41920	42126	37472	37487	40282	34397	36890	39061	28	231	531	563	394	18	207	495	664	414	21	253	687	700	443	13040	33229	33101	32581	32804	12754	35431	33851	38114	33104	11894	34282	34289	35909	34688
1073	4035	3553	3524	3223	2867	2163	2193	2122	1669	24605	25392	27037	28140	27739	27124	29010	25552	25019	25796	47327	48049	40475	41168	16393	38943	38280	41692	43662	42867	25821	21816	34789	35443	35453	42147	32849	33532	32251	27719	25248	23213	24255	42137	44917	38382	24982	26065	27848	23854	27140	27934	34	276	556	692	445	30	229	575	742	433	22	284	728	705	529	12730	25333	30129	29463	28578	11539	28500	29325	33215	29999	11323	23525	29149	31183	32005
518	6628	6730	6923	6107	5174	3588	2482	2236	913	10482	16972	17854	18017	17271	16020	16527	15215	13640	12339	31109	30600	25287	26629	9603	25158	24585	16560	21392	28262	22940	18319	21540	22976	23233	28394	26964	28132	26158	25034	23343	20330	21368	17183	21778	27697	22995	22455	22968	20179	22884	25511	208	9769	10612	8370	5059	156	5580	6177	7295	4702	155	10332	8405	8654	4731	7710	21758	21083	20048	19148	7074	23746	21523	22615	19455	6895	21613	21874	21618	21152
446	5453	5539	5631	5116	4351	2996	2041	1948	828	10733	13267	14406	14286	14257	13477	14420	12871	12492	12134	27562	28007	22364	23149	8778	22371	21743	23209	23817	26719	19078	16230	18713	20123	20217	24777	23861	26065	24168	22688	21106	18851	19874	23257	22436	26891	19410	19443	21031	18680	21289	23358	199	9671	9490	7167	4677	135	5289	5487	6202	4326	119	9981	7529	7543	4428	8672	22283	21120	20309	20790	8116	24115	21341	22571	21348	7975	22306	21384	21710	22691
341	9084	8642	7900	6442	5169	3521	2207	2047	630	6105	13181	13557	13984	12933	12288	12212	10466	10457	7528	37385	37415	29424	29552	11425	29150	29063	26112	30414	32089	33525	29714	30536	29806	29758	34520	33492	36700	32995	30995	30442	27473	29468	26179	26597	32742	32916	33939	36979	29621	31581	34382	298	16555	18942	15678	9049	248	11742	13934	15303	8021	209	16332	17295	19226	9679	9490	24285	25013	24626	23307	9021	25275	25900	28834	23352	8752	24446	26145	26949	24575
275	5888	5487	4645	3859	3076	2072	1425	1379	523	5915	7604	7807	8183	7794	7441	7907	6681	6807	6239	10964	10454	8577	9053	3243	8902	8836	10634	10957	11729	8347	6813	7633	8140	8625	10087	10324	10965	10076	9884	9590	8650	9029	10441	9633	12159	8734	8141	9308	8408	9466	10283	145	7994	6369	4650	3718	123	7063	5656	5006	3347	114	7559	6573	5652	3907	4776	11934	10354	10202	11390	4554	12773	10606	11908	11474	4402	12366	10831	10920	11996
401	3389	3351	3512	3113	2769	1959	1321	1356	644	6751	7945	8373	8528	8099	7979	8109	7037	7434	6789	14817	15219	12085	12452	4507	12099	11908	14300	13035	14672	10647	8663	9975	10615	11194	13336	13284	14436	13077	12271	11732	10650	11083	14420	13082	14350	10635	10464	11301	9913	11603	12702	107	5546	5496	4121	2852	96	3196	3000	3547	2509	81	5718	4355	4682	2537	5347	13403	12411	11867	12517	4968	14302	12815	13507	12471	4887	13429	12883	12888	13514
326	1325	1175	1191	1047	913	763	671	721	487	8225	6461	7161	7282	7361	7430	8056	6988	7348	7691	15710	15514	11979	12050	4430	11979	11742	14880	15922	15297	11517	8819	10031	10835	11517	14035	13724	14830	13119	11807	11560	10278	11219	14682	16215	15189	11470	10701	11219	9856	11530	13319	15	87	172	224	152	13	78	165	242	144	9	113	252	255	163	4467	11860	11741	11324	11354	4536	12797	12100	13257	11467	4256	11566	12310	12521	12255
813	8549	8582	8163	7149	5682	4303	3168	2458	1314	15260	16172	17275	17735	18194	17545	19226	17820	15649	17300	32208	33575	27359	27402	11270	24686	24837	26727	21109	23736	14864	11438	20748	21195	21906	26082	20976	22313	20843	15851	13921	12868	13962	25754	25017	20111	14013	14303	15400	12186	14090	15880	333	16934	17061	13753	9400	283	12090	12506	13440	8847	231	16104	14915	12565	9882	7230	17026	19764	17505	16156	6758	20910	18610	19553	17830	6736	15080	18848	18382	19588
962	10055	9462	9442	7595	6315	4253	3150	3045	1513	18440	27269	28561	29529	27717	26638	27387	23833	23922	20401	41448	41976	37208	39477	14365	37795	36555	44176	52474	49872	37270	30241	33044	37064	38500	43320	39841	41312	41282	41710	40376	36302	36765	44991	46530	50870	37431	35097	38134	36024	41784	44799	231	11839	12987	10576	6599	192	6764	7784	9103	6084	183	11970	10624	11805	6041	15690	40168	39135	38175	39151	15190	42362	39753	44601	39433	14778	41778	40395	41743	41444
1074	19339	17311	14938	12298	9443	6683	4517	4105	1609	26704	25937	27300	29083	28435	28411	30401	26778	27264	27797	48801	51060	42357	41967	17275	39867	39433	43110	50917	53658	38432	31041	35632	37333	38914	44682	42580	47573	45234	40521	37578	34462	35008	43510	50553	53092	37747	36853	39244	33973	38338	41800	546	26392	26361	21328	15434	409	23552	23436	23649	14140	367	24715	27250	25420	16235	14755	37740	38181	36927	35875	13973	41127	38561	41797	36334	13585	36983	38869	39556	39234
982	17839	16357	14476	11960	9269	6550	4347	4002	1530	22321	23279	24476	25541	24374	24409	25966	22289	22902	23426	39752	44465	37065	33250	12068	31544	31860	24850	24513	28925	27821	31119	39204	38854	34692	37747	35085	41731	40817	33938	30561	27559	30219	24532	23877	28560	27721	36753	45086	37849	36564	36602	468	25904	21490	16187	12331	371	20846	18183	16675	11202	315	24663	22034	18766	13357	11973	34981	31990	29889	31286	11258	37912	32335	34107	31969	10864	35142	32691	32376	34186
0	0	0	0	0	0	0	0	0	0	0	0	0	0	0	0	0	0	0	0	0	0	0	0	0	0	0	0	0	0	0	0	0	0	0	0	0	0	0	0	0	0	0	0	0	0	0	0	0	0	0	0	0	0	0	0	0	0	0	0	0	0	0	0	0	0	0	0	0	0	0	0	0	0	0	0	0	0	0	0	0	0
