TTACCGAC	AGTGACCT	TCGGATTC	CAAGGTAC	TCCTCATG	GTCAGTCA	CGAATACG	TCTAGGAG	CGCAACTA	CGTATCTC
130006D1	58	51	58	24	19	13	16	11	9	5
130008D1	22779	29448	33481	38032	39458	37997	38459	37556	25101	10119
130009D1	10932	13418	15532	15933	16202	15200	14781	14638	6229	1895
130010D1	205	219	195	126	76	48	29	21	5	5
130011D1	85	98	74	73	45	33	43	19	18	6
130012D1	160	188	164	86	56	29	19	21	4	5
130013D1	25197	29498	33391	37082	35281	32106	32651	31895	13684	4219
110001T1	0	0	0	0	0	0	0	0	0	0
110002T1	5994	8291	9110	10175	9580	8408	8382	6476	3911	1145
110003T1	21904	25505	29444	32255	34161	31372	32874	34185	16464	5685
110004T1	29165	34720	39608	42599	39822	35075	34428	32177	13518	4312
110005T1	8720	10721	11057	12576	11768	12136	14201	9653	8299	3200
110006T1	195	184	170	78	62	27	15	20	9	8
110007T1	363	359	398	303	281	168	132	145	9	7
110008T1	568	493	506	384	269	168	95	82	10	11
110009T1	123	105	105	41	47	22	11	11	10	13
110010T1	0	0	0	0	0	0	0	0	0	0
1100011T1	20916	25680	26856	29975	26383	25990	25896	11496	6167	1468
130001D1	1347	1430	1321	1047	803	607	646	435	292	118
130002D1	1332	1384	1497	1250	1094	894	806	715	234	92
130003D1	0	0	0	0	0	0	0	0	0	0
130004D1	0	0	0	0	0	0	0	0	0	0
130005D1	326	301	272	80	79	31	23	33	39	22
120001B1	0	0	0	0	0	0	0	0	0	0
120002B1	29330	32690	37073	58851	81889	109491	142228	139096	236174	233721
120003B1	384	405	313	280	182	149	120	69	36	18
120004B1	0	0	0	0	0	0	0	0	0	0
120005B1	0	0	0	0	0	0	0	0	0	0
120006B1	0	0	0	0	0	0	0	0	0	0
120007B1	929	862	757	604	471	305	239	214	90	78
120008B1	286	274	223	205	156	113	71	73	23	16
120009B1	0	0	0	0	0	0	0	0	0	0
120010B1	5313	5716	6725	10277	15238	20615	26072	26713	44146	44602
120012B1	437	492	451	378	300	201	148	133	72	31
120017B1	125	149	119	117	80	72	51	39	20	11
120018B1	489	521	453	381	238	193	178	100	58	38
120019B1	226	225	168	137	117	101	80	55	25	23
120020B1	582	635	482	433	344	217	170	127	53	41
220022B1	1249	1082	965	748	518	337	247	216	46	26
220023B1	249	355	395	648	938	1327	1633	1619	2826	2801
220024B1	153	168	143	123	108	83	55	37	24	11
220025B1	153	150	105	113	89	57	52	30	23	11
220026B1	229	203	184	172	131	84	70	55	21	15
220027B1	280	261	222	215	148	117	92	64	32	19
220028B1	1056	1043	827	733	543	396	258	224	82	50
220029B1	219	224	189	161	115	83	50	47	17	9
220030B1	236	209	174	141	126	84	43	46	19	15
220031B1	477	477	417	367	288	176	164	133	58	32
320038B1	6240	5937	5135	4270	3419	2381	1683	1437	628	371
320039B1	8418	7164	6555	5257	4097	2754	1966	1777	666	436
320040B1	10375	9486	8127	6497	4888	3150	2217	2009	631	331
320041B1	15437	14148	12537	10435	8133	5803	4097	3631	1592	958
320042B1	4352	4162	3684	2890	2386	1552	1053	1007	286	147
320043B1	18642	17134	15333	13311	10621	8208	6274	5637	2922	1930
320044B1	6402	5602	4883	3896	3134	2137	1479	1321	488	272
320045B1	2895	3043	2718	2595	1955	1439	1195	1001	565	398
320046B1	3433	3412	3034	2589	2098	1480	1094	933	412	295
320047B1	5695	6191	5075	4361	3106	2462	2010	1089	506	306
320048B1	8353	7607	6644	5669	4265	2926	2214	1917	816	587
320049B1	5088	4839	4216	3677	2838	2089	1491	1251	491	270
320050B1	14490	13229	11607	9799	8000	5902	4533	4504	2072	1305
320051B1	20189	18230	15602	12744	9886	7052	4823	4597	1808	1173
320052B1	5014	4670	3961	3301	2571	1762	1250	1111	430	223
320053B1	4935	4407	3675	3023	2153	1471	1018	859	356	205
420054B1	9849	9197	8018	6934	5268	3748	2853	2549	935	597
420055B1	6153	5868	5160	4305	3465	2501	1815	1693	779	480
420056B1	6475	6002	5326	4698	3667	2508	1919	1756	736	494
420057B1	11771	11100	9597	8004	6229	4416	3123	2670	1052	648
420058B1	1260	1280	1081	955	709	471	382	316	158	87
420059B1	3130	3149	3029	2649	2184	1608	1552	1470	1047	660
420060B1	3315	3400	2930	2545	2075	1461	1073	972	432	234
420061B1	3832	3564	3100	2612	2044	1414	916	971	301	177
420062B1	7092	6195	5394	4325	3432	2415	1609	1537	524	353
420063B1	13199	11898	10600	9102	7161	5089	3531	3253	1110	654
420064B1	6767	7416	6537	5689	4514	3188	2165	1970	871	563
420065B1	6199	7315	6285	5290	4320	3149	2225	1906	936	725
420066B1	7532	8082	7280	6196	4726	3450	2380	2112	827	442
420067B1	7895	7307	6315	5321	4174	2938	2118	1896	786	598
420068B1	4926	4582	3967	3276	2476	1867	1308	1155	466	266
420069B1	5991	5563	4864	4429	3443	2567	1919	1637	690	427
520070B1	2873	2823	2534	2124	1595	1143	803	686	253	138
520071B1	815	860	807	673	514	356	234	202	84	44
520072B1	1180	1328	1132	1050	854	637	435	346	144	88
520073B1	8012	7520	6619	5703	4383	3079	2185	1905	688	398
520074B1	10349	9785	8534	7204	5559	3814	2702	2447	899	595
520075B1	4035	3695	3322	2790	2167	1565	1134	1023	469	252
520076B1	12216	11084	9540	8206	6206	4364	3116	2677	1008	601
520077B1	11653	10301	9147	7765	5907	4264	3006	2694	1108	684
520078B1	6721	6316	5469	4556	3552	2589	1969	1746	889	519
520079B1	9852	11646	10011	9075	7418	5405	3883	3430	1778	1132
520080B1	12468	14074	11846	9655	7410	5031	3379	2946	888	431
520081B1	4625	5527	5029	4278	3535	2514	1936	1770	932	643
520082B1	6029	5459	4916	3966	3093	2152	1444	1351	430	264
520083B1	12612	10657	9078	7215	5364	3528	2380	2020	524	273
520084B1	5341	4618	4090	3322	2691	1852	1267	1260	482	277
520085B1	3176	3176	2801	2368	1901	1282	923	797	301	190
620087B1	6255	6375	5458	4747	3697	2598	1751	1502	516	365
620088B1	2939	3091	2911	2452	1839	1435	988	935	354	244
620121B1	15019	15421	13854	11575	9545	6795	4614	4254	1747	1193
620122B1	11953	10872	9297	7678	5990	4452	3031	2572	1085	635
620123B1	11190	10498	9162	7795	5998	4262	2914	2521	989	583
620124B1	3249	3274	2987	2493	1942	1414	1008	977	322	215
620125B1	4371	4376	3852	3242	2540	1613	1170	978	316	157
620126B1	11453	10747	9071	7439	5431	3873	2767	2436	1110	575
620127B1	10792	10145	8987	7584	5903	4243	3040	2698	1113	673
620128B1	23627	21078	17640	14154	10159	7016	4721	4027	1188	588
620129B1	4293	3921	3394	2875	2139	1617	1061	897	378	273
620130B1	1105	1251	963	792	592	496	358	221	82	46
620089B1	11404	11062	9222	7928	5760	4205	3052	2409	1085	670
620090B1	4208	4257	3652	3131	2465	1895	1415	1057	535	307
620091B1	3578	3438	3034	2548	1947	1421	1057	867	374	237
620092B1	4597	4312	3587	3060	2342	1745	1287	1115	545	283
310001T1	5148	3885	3256	1333	1281	647	532	627	342	262
310002T1	5967	4444	3520	1413	1268	666	549	595	308	256
310003T1	15461	14352	14764	13134	13493	10732	8522	8656	1271	382
310004T1	1036	792	697	358	372	268	264	318	243	194
310005T1	73600	70679	74149	67513	68144	57125	50938	51467	13353	3451
310006T1	1906	1515	1411	563	493	295	305	264	197	157
310007T1	1647	1485	1189	487	510	309	210	261	150	122
310008T1	1277	943	824	355	352	219	242	274	189	145
310009T1	3355	2467	2189	1004	1021	592	599	698	475	403
310010T1	11872	9227	7665	4314	3461	2090	1414	1512	763	668
310011T1	4514	4104	3643	1643	1660	936	843	919	603	428
310012T1	1752	1423	1434	790	799	601	528	606	425	329
310013T1	4911	3844	3199	1621	1404	882	727	784	490	382
310014T1	2681	2066	1753	722	701	419	440	443	368	260
310015T1	1465	1147	1041	595	581	457	406	476	373	274
310016T1	1337	1078	989	497	491	304	280	288	194	136
320001D1	2088	1701	1389	775	696	424	420	415	305	236
320002D1	1674	1309	1139	629	540	346	331	338	228	168
320003D1	1721	1323	1139	594	515	327	351	331	197	208
320004D1	1354	969	836	463	414	298	222	249	153	147
320005D1	2153	1670	1294	769	581	373	302	269	148	110
320006D1	2081	1748	1454	840	613	340	310	227	81	72
320007D1	1473	1186	977	566	398	236	184	168	110	74
320008D1	1397	1097	899	533	402	209	182	142	93	57
720095B1	9588	8842	7605	6563	4997	3557	2410	2222	842	487
720096B1	10751	9997	8414	7198	5585	3918	2716	2473	867	522
720097B1	10860	10844	9345	8138	6134	4583	3283	2542	1076	637
720098B1	6174	5949	5084	4272	3271	2425	1751	1448	565	322
720099B1	2436	2326	1924	1721	1208	897	677	402	189	72
720100B1	5449	5020	4105	3427	2511	1696	1248	999	286	175
720101B1	4370	4122	3576	2964	2193	1635	1096	926	352	201
720102B1	3878	3532	3007	2516	1875	1331	913	736	304	120
720103B1	12300	11706	10153	8523	6607	4614	3262	2803	1098	656
720104B1	10214	9694	8345	7298	5532	4058	2844	2507	992	608
720105B1	4582	4198	3630	2957	2266	1631	1119	978	347	208
720106B1	7449	6950	5944	4712	3585	2558	1778	1419	564	296
720107B1	4250	3899	3337	2873	2234	1590	1079	983	387	238
720108B1	2276	2300	1979	1652	1278	965	660	621	214	148
820109B1	6403	5853	5590	4669	3670	2537	2746	2745	2269	1761
820110B1	2378	2083	1900	1573	1199	824	789	763	565	399
820111B1	1967	1656	1579	1269	929	628	620	634	522	299
820112B1	2085	1712	1692	1354	1048	729	683	726	554	417
820113B1	2088	1774	1635	1307	1093	732	688	660	469	394
820114B1	1649	1428	1314	1009	828	569	538	544	367	274
820115B1	4740	4320	4247	3393	2848	1993	1989	2086	1650	1380
820116B1	2579	2169	2128	1788	1393	967	1083	1125	978	686
820117B1	26964	23518	20104	14844	10770	6806	4247	3630	1706	1244
820118B1	3464	4167	4359	3804	3335	2321	2059	2256	1630	1197
820119B1	2658	2370	2315	1884	1522	1027	1118	1095	979	800
820120B1	860	791	685	513	413	309	254	260	186	134
930001D1	113189	120138	130687	129437	149218	142554	137643	154346	115328	54820
930002D1	147007	157451	172784	176844	196682	188291	185198	203830	190002	107159
930003D1	37410	36393	35022	30992	24069	18251	14401	12000	2263	1241
930004D1	36493	35568	34306	30067	23294	17240	12947	11260	1963	1020
930005D1	7763	5985	6199	6574	6329	6579	8570	6919	7491	3962
930006D1	27731	28340	26212	25182	19887	16770	16178	14337	7171	3238
930007D1	64331	60559	56650	59137	54338	57067	65429	43438	32415	12234
930008D1	3088	2806	2656	2678	2145	1879	1813	1514	1047	718
930009D1	28474	30085	27826	26992	21601	18416	16898	12369	7295	4114
930010D1	14236	14729	12029	10377	6916	5946	5330	2282	886	416
310167T3	948	935	889	898	853	770	695	537	470	301
310168T3	1849	1971	1808	1744	1495	1310	1386	956	639	342
310169T3	2496	2605	2664	2588	2526	2549	2387	2068	1724	954
310144T3	297	208	192	104	88	52	37	28	14	8
310336T3	15	27	15	18	14	9	7	4	3	0
310172T3	0	3	1	0	0	0	4	0	1	0
310055T3	0	0	1	1	0	0	1	0	0	0
310054T3	0	1	1	0	0	0	2	0	1	0
310030T3	6	5	5	2	1	0	0	0	0	0
310194T3	1	0	0	1	0	1	1	0	0	0
310076T3	8	1	3	1	2	1	1	1	0	1
310170T3	50	46	47	55	69	42	52	32	12	1
310146T3	1	1	0	3	1	2	0	0	1	0
310323T3	2	3	2	4	2	0	0	0	2	3
310174T3	0	1	0	2	0	0	0	0	0	0
310173T3	1	0	3	3	0	3	1	0	0	0
310313T3	9	3	10	4	4	5	8	4	4	2
310040T3	1	0	0	2	0	0	0	0	1	0
310257T3	2	1	3	2	0	2	3	2	1	0
310192T3	8	4	4	1	2	4	1	0	0	1
310031T3	1	0	1	0	0	0	1	0	1	0
310287T3	2	4	6	2	5	1	0	4	8	3
310304T3	5400	3659	3062	2546	2091	1829	1821	1191	947	542
310282T3	6870	7663	7691	6533	6130	4627	3546	2718	482	255
310222T3	1537	1338	1098	1017	700	514	407	248	159	92
310333T3	172356	244267	294970	394786	520883	587132	583100	651122	1063601	1061545
930011D1	5090	4457	3783	1319	1238	608	499	581	520	440
930012D1	13408	10442	8596	2996	2476	1084	822	870	750	664
930013D1	17304	13054	10612	3767	3078	1336	874	982	717	624
930014D1	40008	33936	30845	21156	15299	9478	5745	4721	875	756
930015D1	30819	27628	26668	20329	16231	10983	6864	5987	689	517
930016D1	37441	35812	31956	25739	18475	13493	9433	5372	628	358
930017D1	26892	20764	17239	9297	6263	3309	1917	1626	738	628
930018D1	20730	16511	13882	8521	5900	3382	1854	1429	405	354
930019D1	11786	10646	8950	5271	3756	2063	1314	1001	472	353
930020D1	379	338	339	254	220	141	105	104	8	6
930021D1	7	3	3	2	2	1	1	1	0	1
930022D1	3	1	0	0	0	1	0	0	0	0
930023D1	10	3	3	4	2	1	2	0	2	2
930024D1	5	4	1	1	1	2	1	1	1	0
930025D1	21	30	43	34	57	37	30	48	28	26
930026D1	15	14	17	12	11	12	13	11	10	8
930027D1	6	4	6	5	7	8	3	6	0	1
930028D1	5	8	8	9	8	4	8	5	9	0
101001T1	2455	2268	2235	1977	1639	1269	1289	1099	803	414
101002T1	10615	9865	8971	7547	6009	4210	3052	2758	1348	961
101003T1	21367	19565	17032	14640	11477	8387	5723	5197	1769	1158
101004T1	10831	9861	9146	7041	5612	3649	2458	2306	1091	620
101005T1	8755	8569	7984	6684	5481	3964	2632	2396	933	609
101006T1	1488	1340	1372	1207	1109	842	815	776	561	378
101007T1	1068	987	921	946	824	660	650	649	546	343
101008T1	1380	1223	1256	1083	934	683	628	655	459	234
101009T1	3893	3544	3413	3038	2577	1951	1898	1983	1172	753
101010T1	4035	3553	3524	3223	2867	2163	2193	2122	1669	1073
101011T1	6628	6730	6923	6107	5174	3588	2482	2236	913	518
101012T1	5453	5539	5631	5116	4351	2996	2041	1948	828	446
101013T1	9084	8642	7900	6442	5169	3521	2207	2047	630	341
101014T1	5888	5487	4645	3859	3076	2072	1425	1379	523	275
101015T1	3389	3351	3512	3113	2769	1959	1321	1356	644	401
101016T1	1325	1175	1191	1047	913	763	671	721	487	326
101017T1	8549	8582	8163	7149	5682	4303	3168	2458	1314	813
101018T1	10055	9462	9442	7595	6315	4253	3150	3045	1513	962
101019T1	19339	17311	14938	12298	9443	6683	4517	4105	1609	1074
101020T1	17839	16357	14476	11960	9269	6550	4347	4002	1530	982
120021B1	0	0	0	0	0	0	0	0	0	0
