TACTCCAG	GGAAGAGA	GCGTTAGA	ATCTGACC	AACCAGAG	GTACCACA	GGTATAGG	CGAGAGAA	CAGCATAC	CTCGACTT
130006D1	268	387	360	393	394	520	426	314	262	238
130008D1	2583	2766	2919	2564	2578	2607	2311	2311	2097	1968
130009D1	1529	1816	1786	1762	1694	1776	1418	1452	1389	1364
130010D1	155	149	139	136	107	130	124	97	113	133
130011D1	113	126	168	189	214	205	189	171	185	193
130012D1	153	213	240	205	206	231	231	204	199	191
130013D1	2783	2869	3046	3046	2904	3049	2753	2804	2633	2370
110001T1	0	0	0	0	0	0	0	0	0	0
110002T1	2109	2301	2372	2071	2139	2161	1721	1851	1763	1792
110003T1	2700	2833	3044	2726	2767	2833	2505	2601	2512	2238
110004T1	3366	3394	3521	3279	3036	3152	2677	2699	2119	1702
110005T1	892	981	930	866	740	877	910	511	730	614
110006T1	411	380	395	363	396	438	372	343	350	401
110007T1	376	412	404	354	387	399	371	432	311	322
110008T1	223	268	235	290	245	236	232	241	246	230
110009T1	254	318	314	301	359	344	331	294	303	292
110010T1	0	0	0	0	0	0	0	0	0	0
1100011T1	2458	2770	2991	3141	3109	3548	3237	2839	3571	3337
130001D1	493	600	650	667	645	706	742	626	668	603
130002D1	336	354	389	381	407	449	384	402	428	390
130003D1	0	0	0	0	0	0	0	0	0	0
130004D1	0	0	0	0	0	0	0	0	0	0
130005D1	1069	1259	1318	1359	1324	1485	1335	1211	1262	1044
120001B1	0	0	0	0	0	0	0	0	0	0
120002B1	39271	30757	28607	27008	25245	24673	29803	29254	30841	34190
120003B1	616	679	686	671	639	674	642	515	570	450
120004B1	0	0	0	0	0	0	0	0	0	0
120005B1	0	0	0	0	0	0	0	0	0	0
120006B1	0	0	0	0	0	0	0	0	0	0
120007B1	1258	1390	1388	1288	1163	1268	995	1095	985	868
120008B1	536	554	575	536	495	509	461	370	344	235
120009B1	0	0	0	0	0	0	0	0	0	0
120010B1	6630	5094	4864	4421	4310	4371	4937	4781	4873	5548
120012B1	564	754	772	736	695	776	651	580	649	583
120017B1	201	202	220	235	219	235	243	238	249	264
120018B1	919	923	939	935	786	905	924	699	891	702
120019B1	498	454	417	415	354	391	403	301	323	292
120020B1	939	990	982	989	950	1005	893	779	804	750
220022B1	1682	1618	1606	1492	1318	1339	1094	1108	558	388
220023B1	364	306	280	253	255	295	307	267	286	292
220024B1	244	268	250	261	266	271	221	169	224	233
220025B1	201	262	277	252	205	239	202	178	171	131
220026B1	326	324	329	347	290	332	272	260	230	182
220027B1	488	520	469	495	410	405	403	307	236	201
220028B1	1406	1459	1463	1378	1258	1337	1126	936	773	591
220029B1	329	337	339	318	246	277	245	221	169	128
220030B1	311	280	320	313	312	267	246	258	216	175
220031B1	738	818	794	899	879	920	865	789	818	712
320038B1	7817	8765	9411	9391	9251	9752	9014	8748	8910	8549
320039B1	10490	10751	11197	10802	10599	11010	9382	9669	8704	8150
320040B1	11793	12919	13485	12424	12241	12206	9765	9900	6706	5306
320041B1	18563	19880	20620	19640	19475	20150	17364	17398	16598	14962
320042B1	5863	6893	6805	6436	5979	5963	4696	4750	3236	2403
320043B1	24455	25042	26494	26398	26155	27962	25583	26100	31510	35112
320044B1	7818	7748	8413	7693	7500	7578	6311	6629	5938	5355
320045B1	4319	4797	4979	5462	5045	5474	5447	5373	6849	7707
320046B1	4910	5188	5325	5322	5080	5537	4853	5033	5457	5832
320047B1	9282	9830	8769	8476	6955	7815	7797	4880	5185	4275
320048B1	11175	11468	11770	11812	11585	12244	10943	11030	12362	12855
320049B1	6680	6651	6853	6458	6238	6237	5533	5313	4734	4336
320050B1	17937	18496	19544	18200	18073	18676	16057	16739	16100	15858
320051B1	23574	25052	25888	23938	24071	24624	20935	21448	21189	20571
320052B1	6589	6874	7127	6569	6386	6423	5505	5610	4680	4301
320053B1	6372	6519	6542	6154	5880	5862	5151	5201	4485	4117
420054B1	13291	13913	14067	13974	13456	13467	11649	12905	11970	11517
420055B1	8403	8852	9439	9358	9110	9340	8501	8882	9534	9880
420056B1	8464	9208	9421	9447	9223	9667	8531	9258	9206	9087
420057B1	15250	15699	16570	15873	15552	16529	14291	14509	13242	12551
420058B1	1761	1918	2011	2113	2152	2235	2028	1957	1829	1679
420059B1	3588	4128	4561	4501	4613	4735	3919	4319	3799	3508
420060B1	3623	4500	4831	4810	4937	5120	4396	4695	4317	4263
420061B1	4508	4872	5254	5131	5015	5322	4535	4799	4310	3917
420062B1	8156	8595	9148	8718	8497	8571	7297	7813	6239	5505
420063B1	15347	16517	17136	16594	16007	16602	14160	14817	13255	12646
420064B1	7864	10295	10459	10280	10124	10941	9465	9047	9928	9851
420065B1	7901	11082	11054	10966	10712	11834	9979	9542	11180	11145
420066B1	8991	11411	11740	10899	10327	10820	8925	8560	6783	5641
420067B1	10438	11025	11672	11650	11151	11927	10455	11009	11230	10993
420068B1	6648	7225	7387	7470	7170	7792	6737	6637	6434	5918
420069B1	7801	8135	8277	8178	7911	8077	7188	7553	7505	7140
520070B1	3385	4020	4277	4194	4342	4664	3859	3903	3637	3416
520071B1	1073	1252	1298	1326	1417	1462	1289	1294	1147	1099
520072B1	1776	2092	2153	2224	2172	2236	1940	1976	1653	1492
520073B1	10779	11544	11927	11927	11151	11559	10136	10398	9557	8365
520074B1	13978	14740	15584	15451	15046	15394	13713	14530	13844	13584
520075B1	5503	5881	6167	6478	6312	6429	5840	6056	6168	6022
520076B1	15971	16308	17108	16531	16083	16549	14347	15012	13362	12168
520077B1	14843	15723	16824	16897	16622	17305	15327	15955	16135	15905
520078B1	9048	9823	10424	10504	10614	11207	9978	10289	10757	11467
520079B1	13352	17438	17824	18175	18153	20264	17275	16891	20558	21457
520080B1	14613	19411	19830	17932	16437	16927	13907	13399	8724	6023
520081B1	5800	8275	8307	8675	8375	9160	7956	7737	9109	9165
520082B1	7157	7305	7958	7858	7634	7929	6932	7260	5821	5399
520083B1	14752	15260	15690	14495	13846	13114	11123	11190	6851	5359
520084B1	6074	6381	6946	6710	6725	6984	6072	6539	5913	6010
520085B1	3918	4530	4631	4520	4600	4773	4253	4082	3685	3388
620087B1	7962	9470	10119	10239	10182	10761	9281	9406	9195	9041
620088B1	3666	4232	4540	4563	4543	4721	4125	4242	4359	4326
620121B1	18028	22247	23405	23652	24444	26290	22408	23429	24241	24940
620122B1	16146	16327	16888	16241	15632	16468	14228	14744	14200	14131
620123B1	15108	15579	16284	15747	15606	16137	13841	14158	13875	13139
620124B1	4593	5483	5599	5460	5224	5513	4391	4750	3938	3768
620125B1	5770	6814	6951	6602	6095	6207	5002	5076	3306	2634
620126B1	13851	15130	15901	15485	15426	16179	14343	14579	14853	14494
620127B1	14051	15180	15613	15346	14893	15976	13777	14138	13508	13347
620128B1	30741	31870	32749	30306	27946	28310	23441	23454	15510	11719
620129B1	5060	5553	5642	5736	5536	5955	5471	5618	5822	6036
620130B1	1775	1888	1654	1624	1347	1519	1479	914	841	625
620089B1	14974	16172	16748	16756	16975	17945	15978	15514	16388	15095
620090B1	5607	5821	6123	5993	5683	6174	5709	4949	5737	5360
620091B1	4888	5304	5701	5343	5099	5248	4864	4773	4763	4444
620092B1	5716	5969	6377	6002	5631	5704	5146	5189	4097	3649
310001T1	17270	17103	17471	15766	15500	15372	13618	14429	13273	12348
310002T1	17745	17761	18586	18211	17542	17664	16060	16774	14469	13428
310003T1	14208	14049	14533	13149	12890	13297	11209	11551	10822	9959
310004T1	13405	14290	15304	14698	14244	14998	12814	11985	10367	9123
310005T1	19687	19147	19483	16922	16563	16707	14538	14871	13500	12339
310006T1	12693	13434	14288	13295	12730	12766	10667	10526	8983	8070
310007T1	9953	10000	10373	9485	9212	9421	7733	7890	6606	6301
310008T1	10554	10642	11173	10586	10077	10403	8865	9060	7672	7225
310009T1	25496	26744	28405	28236	27838	28792	24731	24816	23501	22833
310010T1	26144	28265	30014	28810	28913	30808	26204	27723	28640	29817
310011T1	20162	22576	24560	24683	24699	25461	22038	22893	20902	20193
310012T1	16028	17526	19381	19639	19226	19999	17748	18046	16983	17047
310013T1	19073	20375	21590	21434	21170	22397	19722	20484	19880	20015
310014T1	16560	16433	16958	16450	15277	15924	14255	14572	13738	13119
310015T1	15283	14868	15216	13927	13429	13140	11147	11947	10990	10726
310016T1	8408	9071	9649	9695	9188	9514	8406	8762	8005	7252
320001D1	15885	13673	13179	13694	12076	12812	13242	10657	13333	11995
320002D1	12645	10577	10084	10414	8924	9680	9928	8070	10332	9480
320003D1	12313	10815	10490	11042	9228	10075	10657	8243	10208	9015
320004D1	10204	8494	7912	8440	7192	7803	7937	6639	7779	7399
320005D1	6495	5824	5517	5754	5259	5652	5828	4128	5743	4992
320006D1	4281	3779	3621	3684	3347	3537	3632	3198	3617	3279
320007D1	4352	4096	4165	4069	3759	4058	4062	3723	4064	3704
320008D1	3931	3724	3761	3728	3414	3570	3689	3172	3654	3414
720095B1	11763	12621	13003	12642	12373	12793	11144	11135	10601	10132
720096B1	13227	13926	14538	13887	13490	13937	12226	12395	11327	10682
720097B1	15865	16711	17033	16621	15685	16687	15121	14164	14365	13127
720098B1	8150	8650	8971	8690	8332	8606	7582	7234	7067	6291
720099B1	4067	3920	3556	3477	2972	2992	3231	2221	1864	1232
720100B1	7017	7451	7354	7105	6387	6310	5477	5390	3778	2880
720101B1	6017	6437	6559	6403	6112	6468	5601	5334	5262	4499
720102B1	5176	5544	5474	5188	4740	4877	4267	3793	2932	2206
720103B1	16441	17284	17971	17490	16831	17548	15369	15855	15104	14040
720104B1	12958	13854	14203	13951	13524	14185	12609	12381	12611	12050
720105B1	6032	6418	6510	6053	5840	5826	5118	5049	4087	3340
720106B1	9544	10220	10190	9574	9118	9202	8073	7492	6199	4878
720107B1	5167	5604	5911	5688	5628	6128	5176	5376	5546	5337
720108B1	3335	3661	3612	3512	3446	3479	3168	2861	2940	2430
820109B1	68176	71998	75221	71934	71446	74440	66005	69138	70436	71908
820110B1	16226	17205	17600	17032	16674	17137	15619	15700	15873	14989
820111B1	14124	15450	15540	15018	14722	15340	13742	13756	13128	12055
820112B1	14695	15787	16754	15721	16123	16787	14870	15891	16699	17095
820113B1	12955	14097	14890	14567	14550	15395	13751	14265	14888	15185
820114B1	9884	10520	10961	11196	10878	11625	10460	10417	10820	10295
820115B1	41418	44057	46349	45718	45423	48511	43670	46554	50035	52864
820116B1	24999	26468	27120	27331	26455	27929	27157	27691	29329	28673
820117B1	38532	40717	42789	42016	41834	44298	39091	41567	43134	44604
820118B1	27387	35727	35784	35097	33952	37091	30835	31053	34220	34360
820119B1	23496	24995	26486	26031	26373	27704	24605	26192	27577	28858
820120B1	5074	5522	5771	5612	5538	5893	5050	5290	5295	5197
930001D1	25417	25719	27105	24544	25037	26393	23231	23559	24153	22825
930002D1	33746	34128	35694	32686	33456	35320	30960	31639	34330	34950
930003D1	17289	17572	18312	17554	18026	18452	16410	17517	16982	16337
930004D1	19025	19186	19269	18506	17718	18828	17180	16528	16168	13941
930005D1	1683	2346	3081	4247	5622	6699	6602	7776	13834	16480
930006D1	12801	12452	11811	12421	11672	12348	12193	11835	11876	11076
930007D1	13164	11583	10569	10851	10148	11811	11928	9503	12681	11979
930008D1	2405	2385	2674	3282	3587	4261	4320	4451	6716	7661
930009D1	15814	16169	15713	16092	15306	17300	17120	14504	17169	17025
930010D1	9016	8410	7650	7423	6158	7229	7527	4239	5003	4009
310167T3	1108	1086	1060	1280	1332	1698	1687	1761	2558	2896
310168T3	2140	1964	1848	1972	2046	2284	2218	2446	2507	2409
310169T3	2116	1913	1774	1941	2073	2337	2324	2310	3576	4286
310144T3	276	257	262	230	244	246	215	205	203	218
310336T3	25	20	28	28	21	31	19	19	21	9
310172T3	0	1	1	1	1	2	0	0	0	2
310055T3	0	1	0	1	1	0	1	1	1	2
310054T3	0	0	0	4	1	0	0	0	0	0
310030T3	7	6	9	7	5	8	3	5	8	2
310194T3	1	0	0	1	0	1	1	0	0	0
310076T3	3	3	4	3	8	6	3	1	4	2
310170T3	2	3	2	9	5	14	3	12	14	22
310146T3	0	1	3	2	0	0	2	2	3	0
310323T3	2	2	6	5	4	7	10	5	3	3
310174T3	0	0	0	0	0	0	1	0	0	2
310173T3	1	0	1	0	2	0	1	0	2	1
310313T3	0	0	1	0	1	2	2	1	2	4
310040T3	0	1	0	0	0	0	1	0	0	0
310257T3	1	0	1	1	0	2	0	0	0	0
310192T3	12	13	11	13	7	7	21	6	7	3
310031T3	1	0	0	0	2	0	0	1	1	0
310287T3	3	5	5	3	4	3	1	4	6	2
310304T3	9930	6895	6360	7004	6683	7972	8238	6112	9241	9587
310282T3	6963	7249	7447	7002	6474	6854	6378	5058	5082	3924
310222T3	2626	2206	1812	1754	1310	1403	1510	912	1080	920
310333T3	284388	328154	336796	313957	292155	275928	263731	285937	314612	330460
930011D1	21545	24453	25625	26008	25105	28792	25045	17740	20633	20296
930012D1	38126	43187	48194	48329	46254	47651	40275	36330	38054	35082
930013D1	38259	45257	50856	50372	48957	49921	40794	41736	36712	34315
930014D1	24950	26714	28225	27627	27552	29399	25566	25000	26614	26563
930015D1	19008	19570	20748	19758	19437	20128	17204	18454	18467	18488
930016D1	19576	20988	20385	19865	17639	19959	19465	12839	15248	11665
930017D1	26148	29146	31963	32878	33346	37264	32376	26005	29154	27724
930018D1	16964	17123	17311	17253	15567	17513	16478	13364	16665	15715
930019D1	18209	18473	18107	17563	15966	17183	15690	13773	13416	11982
930020D1	336	356	330	311	259	264	275	223	231	229
930021D1	4	3	3	15	6	12	5	5	7	5
930022D1	0	5	4	2	6	9	5	1	10	2
930023D1	6	6	6	11	6	16	11	3	13	6
930024D1	3	7	0	10	5	7	2	3	3	6
930025D1	11	5	5	6	7	6	7	10	4	3
930026D1	10	7	10	13	9	15	13	11	11	19
930027D1	2	4	3	9	7	3	2	6	3	4
930028D1	4	3	6	6	8	8	8	4	8	6
101001T1	14198	15092	15167	15017	13373	14197	13239	10948	10544	8110
101002T1	14847	15538	16172	15590	15209	16016	13943	14517	14843	15747
101003T1	26092	27648	28720	27612	28078	29337	25811	26580	27982	29242
101004T1	18486	19675	20229	19547	19252	19673	17164	17668	15791	14161
101005T1	12611	13401	13909	13438	13468	14152	12181	12678	12390	12071
101006T1	8073	8925	9071	9060	9409	9862	8808	9011	9688	10174
101007T1	8186	8691	9112	9316	9212	9957	9387	8505	9865	9470
101008T1	7072	7196	7369	7281	7165	7409	6413	6427	6049	5414
101009T1	18677	19758	20375	19614	19347	20140	17254	17741	16234	15707
101010T1	25392	27037	28140	27739	27124	29010	25552	25019	25796	24605
101011T1	16972	17854	18017	17271	16020	16527	15215	13640	12339	10482
101012T1	13267	14406	14286	14257	13477	14420	12871	12492	12134	10733
101013T1	13181	13557	13984	12933	12288	12212	10466	10457	7528	6105
101014T1	7604	7807	8183	7794	7441	7907	6681	6807	6239	5915
101015T1	7945	8373	8528	8099	7979	8109	7037	7434	6789	6751
101016T1	6461	7161	7282	7361	7430	8056	6988	7348	7691	8225
101017T1	16172	17275	17735	18194	17545	19226	17820	15649	17300	15260
101018T1	27269	28561	29529	27717	26638	27387	23833	23922	20401	18440
101019T1	25937	27300	29083	28435	28411	30401	26778	27264	27797	26704
101020T1	23279	24476	25541	24374	24409	25966	22289	22902	23426	22321
120021B1	0	0	0	0	0	0	0	0	0	0
