0,1,2,3,4,5,6,7,8,9,10,11,12,13,14,15,16,17,18,19,20,21,22,23,24,25,26,27,28,29,30,31,32,33,34,35,36,37,38,39,40,41,42
120018B1,0.008395808131650391,0.0065513802577341455,0.007619865155212158,0.006017590940843093,0.003936084484076766,0.004627201178577811,0.005350943366131621,0.006266813457218372,0.008233043171864934,0.010214498116602787,0.010143084537365073,0.00809982240856615,0.007487731908348466,0.007283822576768691,0.007849512375755778,0.008597723683099159,0.0071727146476501125,0.007245578248801284,0.007487006897391736,0.00718775862500222,0.007783173873215159,0.007880144088677541,0.0075105697534854,0.00785948127641079,0.007436437383159953,0.007835193409360399,0.008190811283635524,0.008137341725576827,0.0001865090686182995,0.00015714612487081208,0.00031882356822117474,0.0003351363147475566,0.000130139466732691,0.00012107682977358997,0.004309827632270093,0.004214851196938714,0.003426220528757741,0.005076889224488405,0.0002929044265181457,0.0003351363147475566,0.0003351363147475566,0.0002639039882490224
120019B1,0.005086858125143415,0.004622851112837442,0.005733024140327321,0.004384322508073904,0.0027117222309022146,0.0034753400210760683,0.004560500170558828,0.005224247701443388,0.006732632996916166,0.008114866385918258,0.007964607865136362,0.0063195580043203395,0.005760574556682988,0.005734655414979959,0.0056877109555318155,0.006504798303764365,0.004399185232686829,0.004342634378062039,0.004685020802376876,0.004423110594258857,0.004764590754877784,0.004940043406405979,0.00451681826041596,0.004903611605830393,0.004769303326096516,0.00478416605070944,0.005028857248605171,0.005238929173317132,0.0011429797732818235,0.0011563924759812932,0.00016639001456909518,0.00016058992691527052,0.0011473298390221925,0.0010188216469421394,0.00026752904303266285,0.00018234025561711303,0.00015913990500181433,0.0001310457304286011,0.0011826741231626865,0.0013008509091093636,0.0008966573007334574,0.0007705053942627708
120020B1,0.01172070837920538,0.008799095476330386,0.01067669260151694,0.008586123507791511,0.005318136620339675,0.006300888972184593,0.007681309833794863,0.009582288562335898,0.012500457663166436,0.01585073329420691,0.015788926110145842,0.012512782849430812,0.011021979069658691,0.010888214548142358,0.011756777674302605,0.01247943234542132,0.011764390289348248,0.01138140325145664,0.011891267206775665,0.011218094533453637,0.011634975833572285,0.01164349471231384,0.011313795979741744,0.011503023839447771,0.01150900517984078,0.01144266667730016,0.011533293046891172,0.011512086476406877,0.00018016522274692882,0.00021478449593069474,0.000624415686482062,0.0006398221693125338,0.00028438554777659075,0.00028130425121049643,5.836338201661072e-05,2.7006658138121108e-05,2.265659239775261e-05,1.975654857084028e-05,0.0002073531336242319,0.00025049128554955285,0.0002325472643705328,0.00020970941923359818
220022B1,0.009429492503205454,0.007493713248741472,0.007373361429924609,0.0070007057981663744,0.0042445766461645645,0.005514795842352168,0.00703804386243787,0.009235189566802329,0.011491423664140124,0.012645278601772869,0.010555797024482531,0.008807070596854394,0.00834850116672388,0.008468127974584017,0.008989773357949872,0.009799610596615141,0.009838398682800094,0.009228301962713412,0.00947408067704423,0.00907749968371397,0.008841871122777343,0.009097074979545629,0.00888645929661612,0.009228301962713412,0.0092344645558456,0.008982523248382591,0.008623280319323827,0.008849846243301351,1.8125273918202086e-06,1.4500219134561671e-06,3.2625493052763764e-06,7.250109567280836e-07,1.0875164350921256e-06,1.4500219134561671e-06,2.5375383485482925e-06,1.0875164350921256e-06,3.625054783640418e-07,1.0875164350921256e-06,1.486272461292571e-05,9.425142437465086e-06,1.0512658872557213e-05,6.887604088916794e-06
220023B1,0.002988857669111525,0.002879381014645584,0.003161772782291173,0.003270161920322021,0.0027376413726052434,0.003082021577051083,0.003435826923934388,0.0040045980194875685,0.004553068808252365,0.005388643935881481,0.004535306039812528,0.004157575331357195,0.003933909451206581,0.0038197202255219093,0.004163737924489384,0.004178238143623945,0.004265239458431315,0.004107912080821321,0.0042898898309600714,0.004160475375184107,0.004097399421948764,0.004274302095390418,0.004089061795946391,0.004309102621313365,0.004240589085902561,0.004269952029650049,0.004176425616232125,0.004179325660059038,2.5375383485482925e-06,2.9000438269123342e-06,3.9875602620044586e-06,1.4500219134561671e-06,5.437582175460626e-06,4.350065740368502e-06,1.4500219134561671e-06,3.625054783640418e-07,7.250109567280836e-07,3.625054783640418e-07,9.062636959101044e-06,1.1962680786013377e-05,6.887604088916794e-06,3.9875602620044586e-06
220024B1,0.0005763837105988264,0.0005096827025798426,0.0006619350034927403,0.0005209203724091281,0.0003867933454144326,0.0005071451642312943,0.0006575849377523718,0.000755098911432299,0.000982027340888189,0.0010378531845562516,0.0009298265520037672,0.0006978230458507804,0.0007065231773315173,0.0007384236594275531,0.0006782477500191223,0.0009120637835639293,0.0007456737689948339,0.0006260469611347003,0.0007163108252473465,0.0006807852883676705,0.0007250109567280836,0.0007431362306462856,0.0006844103431513107,0.0007239234402929914,0.0006778852445407581,0.0007097857266367937,0.0007579989552592112,0.0007507488456919305,3.625054783640418e-07,0.0,3.625054783640418e-07,1.0875164350921256e-06,3.625054783640418e-07,7.250109567280836e-07,0.0,0.0,3.625054783640418e-07,0.0,2.5375383485482925e-06,1.4500219134561671e-06,1.4500219134561671e-06,0.0
220025B1,0.0010726537104791996,0.0009671646162752633,0.0011480548499789205,0.0009189513876528461,0.0005622459969426288,0.0007790242730043258,0.0011306545870174464,0.001319882446723476,0.0019053287942814039,0.002009730372050248,0.0018440653684378804,0.001336195193249858,0.0013046572166321864,0.001380420861610271,0.0013209699631585685,0.001762139130327607,0.0012194684292166364,0.0011092667637939678,0.001232156120959378,0.0012241810004353694,0.0012858069317572562,0.001265869130447234,0.001241218757918479,0.0012760192838414273,0.001154217443111109,0.0013213324686369324,0.0014293591011894167,0.0013311201165527615,0.0,3.625054783640418e-07,3.625054783640418e-07,3.625054783640418e-07,3.625054783640418e-07,0.0,7.250109567280836e-07,0.0,0.0,3.625054783640418e-07,2.9000438269123342e-06,1.0875164350921256e-06,3.625054783640418e-07,0.0
220026B1,0.0017309636591882995,0.001526873074869344,0.0015805238856672222,0.0014202964642303154,0.0008779882685977093,0.0011143418404910644,0.0013771583123049947,0.0017418388235392207,0.0021565450907876844,0.002526300678719007,0.0021579951127011407,0.001803102249382744,0.0016102493348930734,0.0017063132866595447,0.0017737393056352566,0.0019122163983703202,0.0019281666394183386,0.001813252402776937,0.001875240839577188,0.0017860644918996336,0.00175343899884687,0.0018426153465244245,0.0017306011537099356,0.0017635891522410634,0.0018360902479138718,0.0017606891084141509,0.0017052257702244525,0.0017603266029357868,7.250109567280836e-07,7.250109567280836e-07,0.0,3.625054783640418e-07,3.625054783640418e-07,7.250109567280836e-07,7.250109567280836e-07,0.0,7.250109567280836e-07,0.0,4.350065740368502e-06,7.975120524008919e-06,8.700131480737003e-06,5.437582175460626e-06
220027B1,0.001830652665738411,0.0014710472312012815,0.0018081773260798407,0.0014735847695498301,0.0008522503796338622,0.0012879819646274405,0.0018828534546228327,0.0022254211316768526,0.0030421459744310385,0.0031791730452526467,0.002981607559544244,0.0022072958577586503,0.0022080208687153785,0.002268196778123809,0.0021652452222684217,0.0028761184653403075,0.0021576326072227764,0.002005742811788243,0.0021670577496602423,0.002127907157996925,0.002194970671494273,0.0021670577496602423,0.0020981817087710733,0.0021927956386240885,0.0020202430309228052,0.0022163584947177514,0.0022848720301285553,0.002286684557520376,3.625054783640418e-07,0.0,7.250109567280836e-07,3.625054783640418e-07,0.0,0.0,1.0875164350921256e-06,0.0,0.0,3.625054783640418e-07,1.4500219134561671e-06,2.175032870184251e-06,7.250109567280836e-07,7.250109567280836e-07
220028B1,0.006186880999239101,0.005080151773793682,0.005300192599160655,0.004728521459780561,0.002668765331716076,0.003766794425680758,0.004868086068950717,0.006124167551482122,0.007802930421785998,0.008743269632662323,0.007669890911226395,0.006086104476253898,0.005684810911704903,0.005777974819644462,0.0061067672885206465,0.006688951086773299,0.006417071978000268,0.006189781043066014,0.0062100813498544,0.0058994141548964155,0.00588092637549985,0.005966840173872128,0.00590340171515842,0.0059885905025739705,0.005974452788917772,0.005850475915317271,0.005659798033697785,0.005820387960613055,0.0009327265958306796,0.0010320530969024268,9.787647915829127e-06,3.2625493052763764e-06,0.0017168259455321018,0.001726976098926295,4.3863162882049045e-05,1.3412702699469545e-05,1.0512658872557213e-05,2.175032870184251e-06,6.16259313218871e-06,6.887604088916794e-06,3.625054783640418e-07,3.625054783640418e-07
220029B1,0.0011360921691929069,0.0010034151641116675,0.0010132028120274966,0.0009182263766961177,0.0005535458654618918,0.0007485738128217463,0.0008489878303285859,0.0010831663693517569,0.0014163089039683112,0.0015515234473980988,0.0014043462231822976,0.0011647301019836662,0.0010527159091691773,0.0011034666761401432,0.0011255795103203498,0.0012542689551395846,0.0011629175745918462,0.0011763302772913155,0.0011734302334644032,0.001109629269272332,0.0010599660187364582,0.0011505923883274687,0.0011237669829285296,0.001162192563635118,0.0010954915556161344,0.0011379046965847269,0.0010643160844768266,0.0011346421472794507,0.0,3.625054783640418e-07,7.250109567280836e-07,0.0,7.250109567280836e-07,3.625054783640418e-07,1.0875164350921256e-06,0.0,1.0875164350921256e-06,7.250109567280836e-07,4.350065740368502e-06,9.062636959101044e-06,6.887604088916794e-06,6.887604088916794e-06
220030B1,0.0019372292763774395,0.0015112853392996901,0.00164758739916457,0.0014463968586725267,0.0009095262452153807,0.001144067289716916,0.0013728082465646262,0.001752713987890142,0.0021536450469607717,0.002402323805118505,0.002056131073280845,0.0017302386482315713,0.0016461373772511136,0.0016323621690732804,0.001735313724928668,0.0018698032574017273,0.001919104002459237,0.0018774158724473727,0.0018676282245315434,0.001831015171216775,0.0017585140755439663,0.0018165149520822132,0.0017331386920584838,0.0017795393932890813,0.0018375402698273282,0.0018147024246903925,0.0017251635715344747,0.001736763746842124,7.250109567280836e-07,1.4500219134561671e-06,3.625054783640418e-07,3.625054783640418e-07,2.9000438269123342e-06,4.350065740368502e-06,1.0875164350921256e-06,0.0,3.625054783640418e-07,7.250109567280836e-07,8.700131480737003e-06,1.667525200474592e-05,1.413771365619763e-05,8.33762600237296e-06
220031B1,0.0018690782464449995,0.002546963490985757,0.0034303893417589274,0.0028757559598619428,0.0019676797365600187,0.002599526785348544,0.0030762214893972585,0.0036656553972171904,0.004559231401384554,0.0055608340381044005,0.00428010218304424,0.003646442606863896,0.003557266259186342,0.003364775850175036,0.0036758055506113845,0.0036497051561691727,0.004616869772444436,0.00414996271631155,0.004544731182249992,0.004164825440924475,0.004424741868911493,0.004604182080701695,0.004391753870380366,0.0044649799770099035,0.0046346325408842745,0.004425466879868222,0.00465130779288902,0.004589319356088768,2.5375383485482925e-06,2.175032870184251e-06,6.16259313218871e-06,8.33762600237296e-06,2.5375383485482925e-06,2.9000438269123342e-06,2.5375383485482925e-06,7.250109567280836e-07,7.250109567280836e-07,3.625054783640418e-07,5.8000876538246685e-06,9.787647915829127e-06,4.350065740368502e-06,3.6250547836404173e-06
220032B1,0.0032179611314375987,0.003959284834692064,0.005045351247870734,0.0043497032348901385,0.003183160605514651,0.00401184812905485,0.004624482387490081,0.005455707449378829,0.006674088362160373,0.0075854271347675735,0.0062108063608111285,0.005167515594079415,0.004969587602892649,0.0050120007438612425,0.005249079326711325,0.005743899304678242,0.0059160894069011614,0.00572577403076004,0.0057873999620819275,0.005603247179072994,0.005745711832070062,0.005839963256444714,0.005583309377762972,0.005942914812300101,0.005910651824725701,0.0058428633002716255,0.005746074337548426,0.005826550553745244,1.4500219134561671e-06,2.175032870184251e-06,7.250109567280836e-07,1.0875164350921256e-06,6.525098610552753e-06,5.8000876538246685e-06,1.0512658872557213e-05,7.2501095672808345e-06,9.062636959101044e-06,6.887604088916794e-06,4.350065740368502e-06,1.0875164350921256e-06,2.9000438269123342e-06,1.4500219134561671e-06
220033B1,0.002300459765698209,0.0021565450907876844,0.00246104969261348,0.002194245660537545,0.00132024495220184,0.0017563390426737825,0.0019995802186560546,0.002354835587452816,0.0029417319569241987,0.003424951759583467,0.002990670196503345,0.0026245396633556625,0.0025850265662139818,0.0025107129431493533,0.0026009768072620004,0.002837330379155355,0.0033216376982497147,0.0031693853973368174,0.003328887807816996,0.003142922497416242,0.0032937247764156835,0.003271974447713841,0.0032770495244109376,0.0033278002913819035,0.0031349473768922326,0.003252036646403819,0.0033441130379082856,0.003269436909365293,2.175032870184251e-06,3.625054783640418e-07,3.625054783640418e-07,1.0875164350921256e-06,1.0875164350921256e-06,2.5375383485482925e-06,4.712571218732543e-06,3.9875602620044586e-06,2.5375383485482925e-06,2.5375383485482925e-06,2.175032870184251e-06,3.625054783640418e-07,7.250109567280836e-07,0.0
220034B1,0.008916184745841972,0.00657149931178335,0.006870566331433684,0.006183618449933825,0.0042101386257199815,0.005391543979708393,0.0060125158641459965,0.007540838960928797,0.009013336214043537,0.010286817959536414,0.008564916937307215,0.007286722620595603,0.007119607595069782,0.00722799673310063,0.0076325528469548985,0.007896094329725559,0.009094174935718716,0.008451090217100906,0.008790395344849648,0.008510541115552609,0.008302462970971649,0.008529391400427539,0.008373876550209365,0.008411214614480859,0.008720069282047025,0.008319138222976395,0.008294125344969277,0.00818247365763315,3.625054783640418e-07,1.0875164350921256e-06,2.175032870184251e-06,1.0875164350921256e-06,0.0,1.0875164350921256e-06,1.3775208177833588e-05,9.062636959101044e-06,1.4500219134561671e-06,2.9000438269123342e-06,1.667525200474592e-05,9.787647915829127e-06,7.612615045644876e-06,7.2501095672808345e-06
220035B1,0.004775284666489523,0.00380376998447389,0.0036580427821715452,0.003979947646958815,0.0028148550394967845,0.002871405894121575,0.0030493960839983194,0.0038363954775266548,0.004737946602218026,0.005613034826988822,0.004641157639494828,0.0043642034540246994,0.004053173753588351,0.004029248392016324,0.0043453531691497686,0.0041430751122226335,0.004959437449498456,0.0047172837899512755,0.0046784957037663225,0.004584606784870037,0.004460629911269535,0.004534218523377435,0.004465342482488267,0.004540743621987987,0.004793409940407724,0.00452406836998324,0.0043127276760970045,0.004388128815596725,2.5375383485482925e-06,2.9000438269123342e-06,5.075076697096585e-05,5.6913360103154566e-05,1.4500219134561671e-06,2.9000438269123342e-06,1.413771365619763e-05,6.887604088916794e-06,9.787647915829127e-06,7.2501095672808345e-06,0.0008638505549415116,0.0009591894957512543,0.0008080247112734492,0.0008145498098840019
220036B1,0.0020071928337016998,0.0010625035570850064,0.0011176043897963407,0.001102379159705051,0.0007086982102017016,0.0009080762233019248,0.00105924100777973,0.0013162573919398358,0.0016370747402920127,0.0019372292763774395,0.0016290996197680038,0.0013688206863026215,0.00133547018229313,0.0013206074576802044,0.001389120993091008,0.0015065727680809574,0.0017374887577988522,0.0016323621690732804,0.0016588250689938552,0.001621124499243995,0.0015468108761793665,0.001563123622705748,0.0015123728557347822,0.001525423052955888,0.0016131493787199858,0.001562036106270656,0.001465247143547457,0.0015076602845160495,1.8125273918202086e-06,0.0,3.625054783640418e-07,0.0,1.8125273918202086e-06,0.0,1.0875164350921256e-06,0.0,0.0,3.625054783640418e-07,7.975120524008919e-06,6.887604088916794e-06,7.975120524008919e-06,7.2501095672808345e-06
220037B1,0.0017316886701450275,0.001249556383920852,0.002030393184316998,0.001614599400633442,0.0010313280859456989,0.0014213839806654078,0.0016860129798711586,0.001908228838108316,0.002414648991382882,0.0026959532425933786,0.002285234535606919,0.0018513154780051614,0.001838990291740784,0.0018607406204426266,0.0018705282683584559,0.0022011332646264615,0.002205120824888466,0.0021224695758214644,0.002191345616710633,0.002117757004602732,0.0020880315553768805,0.002101806763554714,0.002081143951287964,0.0021308072018238373,0.0020999942361628944,0.002118844521037825,0.0020662812266750387,0.0021322572237372933,3.625054783640418e-07,0.0,2.175032870184251e-06,4.712571218732543e-06,7.250109567280836e-07,1.0875164350921256e-06,7.250109567280836e-07,0.0,0.0,3.625054783640418e-07,6.525098610552753e-06,1.1600175307649335e-05,9.425142437465086e-06,6.16259313218871e-06
120001B1,0.01671367758545251,0.01204243199125347,0.01136998432888817,0.010469158215153526,0.006722301590782791,0.008622192802888734,0.010679773898083037,0.01364543121657926,0.01678799120851714,0.01868026980557744,0.01563377376540603,0.013128498404432138,0.012551389682876585,0.012641291041510865,0.013810008703756536,0.014113788294625604,0.01438965496366064,0.01445164340046089,0.014492244014037663,0.01357438014281991,0.013463453466440513,0.013723007388949163,0.013393127403637888,0.013570392582557905,0.013901722589782638,0.013375002129719685,0.013175261611141098,0.013181424204273286,0.00036105545645058565,0.0004495067931714118,4.350065740368501e-05,5.54633381896984e-05,0.0008529753905905902,0.000798962074314348,0.0002204033308453374,0.00016493999265563902,0.0001257894009923225,0.00011817678594667759,0.0005673210736397254,0.0006724476623652974,0.0007340735936871847,0.0006434472240961741
120002B1,0.004649857770975564,0.006334058223454902,0.00774637956716121,0.0063659587055509385,0.005080876784750409,0.006636387792410514,0.0069967182379043705,0.008221986754774832,0.009905462196297442,0.013402915051553716,0.010713486907570893,0.00888392175826757,0.008625092846715645,0.008184286185024972,0.009252589829763805,0.008191173789113888,0.009003186060649341,0.0086084175947109,0.009138038098600766,0.00882990844199133,0.00920908917236012,0.00939034191154214,0.008940472612892363,0.009347928770573546,0.0088523837816499,0.009138763109557493,0.0093635165061432,0.00949800603861626,0.0005774712270339184,0.000572033644858458,0.0005049701313611101,0.0005336080641518693,0.0008236124468431028,0.0008457252810233094,0.00026462899920575046,0.0001812527391820209,0.000173640124136376,0.00023454104450153506,0.00031755479904690064,0.0003632304893207698,0.00032117985383054104,0.0003088546675661636
120003B1,0.008054871729249008,0.008561291882523575,0.012494476322773429,0.009555281904197778,0.004594394432785865,0.005933852175340999,0.007679678559142225,0.00998702592892935,0.013294163408044504,0.01626018323201909,0.01360048053726212,0.010881689449531806,0.010722187039051628,0.010744299873231836,0.011364909252191071,0.01216930890868088,0.009742697236511987,0.009630683043697498,0.010209604292644872,0.009653883394312794,0.010112815329921674,0.010360406571644314,0.010029439069897944,0.01032778107859155,0.010147978361322986,0.01002907656441958,0.010398107141394173,0.010371281735995237,0.00019285291448967024,0.00017327761865801197,0.00047089461639489034,0.0004998950546640136,0.00011926430238176974,0.00010222654489865978,0.004042661094715794,0.004206876076414704,0.005323755455254317,0.006228206623772602,0.00018524029944402536,0.00024070363763372372,0.00019176539805457811,0.00014028962012688418
120004B1,0.015216529959809018,0.01164005091026938,0.013492453904709635,0.011517524058582336,0.006575849377523718,0.008125560297529996,0.009374029165015757,0.011696239259415807,0.014565832626145563,0.01699171928735773,0.014787323473425991,0.012445900588672645,0.011973918455842664,0.011877854504076192,0.012914620172197352,0.01283631898887072,0.013203899543931858,0.01293492047898574,0.013112185657905754,0.012388624723091128,0.01256915245131642,0.012673916534563628,0.012383187140915668,0.01291244513932717,0.013054547286845871,0.012609390559414829,0.01247490102694177,0.012380649602567118,0.007573464453981561,0.006364146178159117,0.0010896914679623096,0.0009653520888834432,0.006854616090385666,0.005649285374825228,0.0021909831112322687,0.002030393184316998,0.0017541640098035982,0.0024682998021807604,0.00027804170190522007,0.00029109189912632547,0.0002758666690350358,0.0002059031117107757
120005B1,0.023926086582983487,0.01766634198259321,0.019258103538089717,0.016805391471478612,0.008971285578553307,0.010808825848380634,0.013484478784185627,0.017731230463220376,0.0229389841653982,0.02591841669207226,0.02179817942498656,0.018076698184101302,0.017627191390929896,0.018147386752382297,0.01911201383030901,0.02026623127342012,0.01887348522554547,0.01914101426857813,0.018655981938527046,0.018091198403235868,0.017721080309826182,0.01810026104019497,0.017723617848174732,0.018045885218440364,0.018576955744243683,0.01797302161728919,0.017545265152819622,0.01767286708120376,6.670100801898368e-05,7.250109567280836e-05,0.00047850723144053517,0.0004944574724885531,8.845133672082621e-05,7.322610662953644e-05,0.00027949172381867615,0.00023997862667699565,0.00019176539805457811,0.00017762768439838047,0.00017509014604983215,0.00018089023370365683,0.00015986491595854242,0.00014355216943216057
120006B1,0.020349245027965486,0.012857706812094196,0.013352526790061115,0.011821666154929768,0.007242496952235191,0.008869059033654645,0.010577547353184377,0.012878369624360949,0.016362772282396118,0.019140289257621405,0.017233510441426545,0.013893384963780266,0.013179611676881468,0.013337664065448191,0.01424175272848811,0.014822486504827303,0.014060137483827723,0.014366817118523703,0.014128651019238528,0.01372336989442753,0.013496078959493276,0.01380239608871089,0.013445690698000673,0.013796596001057064,0.014077537746789198,0.013401465029640259,0.013223837345241879,0.013341289120231829,0.0017135633962268256,0.0018263025999980425,0.0002055406062324117,0.0002124282103213285,0.0020586686116293934,0.0016968881442220795,0.00033024249078964207,0.0001874153323142096,0.0002889168662561413,0.00024976627459282483,0.00021786579249678911,0.0002577413951168337,0.00024215365954717994,0.0001812527391820209
120007B1,0.01759782844718241,0.012632228404551764,0.013005609047266728,0.011734302334644032,0.007525976236315872,0.00909091238641344,0.01029551809101715,0.012852994240875463,0.016176081961038636,0.018608131215382996,0.016331234305778448,0.013488828849925994,0.013256462838294644,0.013324613868227085,0.014242477739444837,0.014662621588868762,0.014699959653140256,0.014874324788233362,0.014846774371877697,0.014049624824955169,0.01412683849184671,0.014212752290218988,0.01388033476655916,0.014274740727019238,0.014558945022056647,0.01426060301336304,0.013763608002525938,0.01386510953646787,0.00037265563175823487,0.0005426707011109706,0.0008674756097251519,0.0010342281297726114,0.000121439335251954,9.20763915044666e-05,0.00029979203060706257,0.00023309102258807886,0.00024179115406881583,0.00017146509126619175,0.0010838913803084848,0.0011600175307649337,0.00040528112481099873,0.0003443802044458397
120008B1,0.010653673503640824,0.010496708631509194,0.01086320167013524,0.009950775381092949,0.006170568252712718,0.007730066820634826,0.009330891013090436,0.011202869303362345,0.014030049529123508,0.015939365883666918,0.014500581640040037,0.0119735559503643,0.01144357294099607,0.01161576304321899,0.012160971282678509,0.01274315508093116,0.012379562086132029,0.011941655468268263,0.012578577593753885,0.011631350778788643,0.011960868258621558,0.012060194759693306,0.011931142809395707,0.011978993532539759,0.011983706103758492,0.011942742984703356,0.01181006597962212,0.011989143685933954,7.866368880499706e-05,7.540113949972069e-05,0.00018234025561711303,0.00023345352806644292,0.0001076641270741204,9.5338940809743e-05,0.0009055386849533764,0.0008638505549415116,0.0004701696054381622,0.0003929559385466213,0.0002142407377131487,0.0002631789772922943,0.0006322095542668889,0.0005502833161566154
120009B1,0.019308491799582318,0.01795815889267626,0.019197565123202923,0.01739772542312546,0.009837673671843366,0.014023524430512956,0.018516779834835254,0.023957262054122797,0.028444717370791267,0.027366988583614967,0.02356974369775163,0.021212008066471902,0.021348310126336784,0.02156327587500666,0.022931371550352558,0.023731058635623633,0.023453379439196776,0.02355451846766034,0.023879685881752887,0.022898021046343062,0.023082898840308726,0.023533855655393596,0.02353566818278541,0.02360273169628276,0.02339827860648544,0.02354545583070124,0.02315177488119789,0.023495430074687004,0.0006503348281850911,0.0006296720159183406,0.00030631712921761536,0.0003200923373954489,0.0007956995250090718,0.0005412206791975143,0.00033350504009491843,0.00024722873624427653,0.00021895330893188125,0.00031429224974162417,0.0004379066178637625,0.0004737946602218026,0.0004944574724885531,0.0004893823957914564
120010B1,0.01328292573821522,0.011142693393953915,0.01227733554123337,0.0104129698660071,0.008084597178474859,0.010067502145126169,0.011154293569261566,0.013270238046472477,0.017193997344284867,0.0210376429313788,0.017038844999545055,0.013948848301969964,0.013848071778984759,0.013475778652704891,0.014898612655283753,0.015356094568979172,0.014051074846868624,0.01371901982868716,0.014105450668623232,0.013508766651236015,0.014102188119317953,0.013920210369179205,0.01360519310848085,0.014224714971005,0.013852784350203493,0.013922385402049391,0.013973136169020354,0.01396733608136653,0.00011491423664140125,0.00010295155585538788,0.00013303951055960333,0.00014391467491052458,0.0001515272899561695,0.0001482647406508931,0.0006666475747114728,0.0006738976842787537,0.00038425580706588435,0.00035271783044821264,0.0005129452518851191,0.0006090092036515901,0.0015217979981722474,0.0012046057046037107
120011B1,0.00125028139487758,0.0013289450836825774,0.0008475378084151296,0.0009298265520037672,0.0010701161721306514,0.0007909869537903393,0.0005647835352911772,0.000624959444699608,0.0007706866470019527,0.0010248029873351464,0.000781561811352874,0.001011752790114041,0.0007920744702254312,0.0006412721912259898,0.0009486768368786973,0.0004020185755057223,0.000972602198450724,0.0008395626878911207,0.0007358861210790048,0.000677522739062394,0.0007123232649853421,0.0007804742949177818,0.000780836800396146,0.0008696506425953362,0.0008468127974584017,0.0007909869537903393,0.0006873103869782232,0.0006912979472402278,0.000598496544779033,0.0005897964132982959,0.0008138247989272737,0.0008123747770138176,0.0007699616360452247,0.0005713086339017298,0.0004650945287410656,0.00044225668360413096,0.00025882891155192586,0.00022004082536697335,0.0007311735498602722,0.0009153263328692057,0.0007775742510908696,0.0006572224322740077
120012B1,0.014373704722612618,0.017525689856987964,0.020315169512999262,0.019978039418120708,0.01638343509466287,0.0208350023689733,0.02325037637131291,0.02654265112581514,0.03178049278269718,0.03798586156133285,0.03177251766217317,0.026525975873810392,0.02617833312005928,0.02554793609318421,0.027875946275238084,0.027795470059041268,0.026481387699971614,0.026620952309141768,0.027008833170991297,0.025400396363490042,0.0260278933465382,0.02619392085562893,0.025823077751262517,0.026456374821964498,0.026533950994334404,0.02565451270382324,0.025699463383140383,0.02600976807262,0.000667372585668201,0.0008953885315591832,0.0010016026367198477,0.001180680343031684,0.0007072481882882455,0.0006140842803486867,0.0006630225199278324,0.0004034685974191785,0.00047234463830834637,0.0005586209421589884,0.0005818212927742871,0.0006434472240961741,0.0005433957120676988,0.00047161962735161835
120013B1,0.0010030526586333036,0.0014300841121461447,0.0012861694372356205,0.0011752427608562235,0.001310457304286011,0.0011324671144092664,0.0009602770121863467,0.000900826113734644,0.0008856008836433541,0.0008065746893599929,0.0008620380275496912,0.0009762272532343647,0.0010186403942029573,0.0009921774942823825,0.0010994791158781387,0.0008141873044056378,0.0010567034694311818,0.0010842538857868491,0.0011132543240559725,0.0010889664570055814,0.0010284280421187868,0.0010708411830873794,0.0010345906352509752,0.001058878502301366,0.0010389407009913434,0.001040028217426436,0.000903001146604828,0.0011237669829285296,0.0003226298757439972,0.0003447427099242037,0.00024795374720100455,0.00027804170190522007,0.00029399194295323786,0.0002733291306864875,0.0003791807303687877,0.0003632304893207698,0.00026064143894374603,0.00022004082536697335,0.0010951290501377703,0.0012564439880097687,0.001666800189517864,0.0015750863034917615
120014B1,0.001649037421078026,0.0018328276986085952,0.0014518344408479874,0.0012868944481923485,0.0012035181881686187,0.0010712036885657434,0.0009523018916623377,0.0009744147258425443,0.0010730162159575637,0.0011948180566878814,0.001022990459943326,0.0012118558141709914,0.001222730978521913,0.0010882414460488532,0.0013245950179422087,0.0007884494154417909,0.0011915555073826053,0.0010795413145681164,0.0011748802553778596,0.0010603285242148225,0.0010266155147269664,0.0010429282612533482,0.001035678151686067,0.0010867914241353973,0.001077366281697932,0.0010306030749889707,0.0009294640465254033,0.0012009806498200705,0.0006514223446201831,0.0006071966762597699,0.00014137713656197626,0.00013956460917015608,0.0010342281297726114,0.0009175013657393899,0.0003400301387054712,0.00020699062814586784,7.503863402135665e-05,8.047621619681729e-05,0.0015333981734798967,0.001841165324610968,0.0017244385605777468,0.0014634346161556367
120015B1,9.823898463665532e-05,8.410127098045769e-05,8.990135863428238e-05,8.120122715354536e-05,5.582584366806244e-05,6.126342584352304e-05,5.763837105988264e-05,6.452597514879942e-05,9.098887506937447e-05,0.00011201419281448892,9.062636959101043e-05,9.352641341792278e-05,8.156373263190941e-05,7.503863402135665e-05,8.6638809329006e-05,5.908839297333881e-05,7.757617236990493e-05,7.938869976172515e-05,8.301375454536556e-05,7.431362306462857e-05,7.503863402135665e-05,6.996355732426006e-05,8.192623811027344e-05,7.902619428336111e-05,8.518878741554982e-05,8.156373263190941e-05,6.923854636753198e-05,7.793867784826898e-05,7.286360115117242e-05,6.0175909408430944e-05,0.00011781428046831358,8.265124906700153e-05,6.996355732426006e-05,6.0538414886794986e-05,0.00010947665446594062,8.120122715354536e-05,8.301375454536556e-05,8.917634767755428e-05,3.117547113930759e-05,3.407551496621993e-05,5.510083271133435e-05,2.9000438269123338e-05
120016B1,0.00037374314819332713,0.0003306049962680061,0.0003356800729651027,0.00028130425121049643,0.00025737888963846966,0.0002537538348548293,0.0002649915046841145,0.00029870451417197036,0.00032299238122236116,0.0003349550620083746,0.00036504301671259014,0.00038063075228224384,0.00035271783044821264,0.00031827981000362866,0.0003849808180226124,0.00031755479904690064,0.00036214297288567776,0.0003052296127825232,0.00040129356454899424,0.0003316925127030982,0.00035489286331839685,0.00034401769896747565,0.00031827981000362866,0.00035525536879676094,0.0003432926880107476,0.00033604257844346673,0.0002936294374748738,0.0003973060042869898,0.0009272890136552188,0.0009515768807056096,0.00035344284140494066,0.0003505427975780284,0.0015138228776482385,0.0012887069755841685,0.00048539483552945194,0.000391143411154801,0.00010730162159575636,0.0001250643900355944,0.00018016522274692882,0.00022402838562897784,0.00027804170190522007,0.000242878670503908
120017B1,0.005439032197374083,0.003653330210952813,0.004279739677565877,0.003843283081615571,0.002884093585864316,0.003484402658035169,0.0036214297288567772,0.003857420795271768,0.004376166134810712,0.004627019925838629,0.004389941342988546,0.0041525002546600985,0.0041347374862202605,0.0040970369164704005,0.004370003541678524,0.004319615280185922,0.005300192599160655,0.005273004688283353,0.00553654617105401,0.005445194790506271,0.005653635440565596,0.005640222737866126,0.00561992243107774,0.005582584366806243,0.005315780334730309,0.005817125411307778,0.005983152920398509,0.005999465666924891,0.00029036688816959746,0.00034800525922948014,0.00012433937907886634,0.00014790223517252904,0.0006231469173077878,0.0005502833161566154,0.00016602750909073112,9.026386411264641e-05,9.461392985301492e-05,0.00011926430238176974,0.0011444297951952796,0.0013655581369973453,0.0009182263766961177,0.0008076622057950852
130001D1,0.004595481949220957,0.005694236054142369,0.00847392806223784,0.008204586491813355,0.007417587098285023,0.008634155483674747,0.009615095308127843,0.010029439069897944,0.010596035132580941,0.011659263700622676,0.014661534072433669,0.017100108425388578,0.012445538083194282,0.010561597112136356,0.011434147798558605,0.011168431282917763,0.007952282678871984,0.0072776599836365035,0.007982008128097837,0.007853318683278602,0.008075534541515758,0.008195523854854257,0.008026958807414978,0.008199148909637896,0.008306813036712017,0.008236486973909394,0.008302825476450013,0.00842535232813706,0.00033024249078964207,0.0002979795032152424,0.2514200245851215,0.25010956728083555,0.000624596939221244,0.0006738976842787537,0.0022355712850710453,0.0008547879179824105,0.00048756986839963625,0.0002758666690350358,0.002136244783999298,0.0024530745720894712,0.0022203460549797558,0.00216597023322515
130002D1,0.005433594615198622,0.005230591547314759,0.00905139928927176,0.007503863402135664,0.006215881437508225,0.0084612403704951,0.009660408492923349,0.010720737017138172,0.011112967944728065,0.012112395548577728,0.015880639996171942,0.0172258978263809,0.012858069317572562,0.010911052393279294,0.011265582751119326,0.0115501495516351,0.008171235987803865,0.008244824599911766,0.008397801911781392,0.008079522101777764,0.008061396827859559,0.00818066113024133,0.00813208539614055,0.008217636689034464,0.008395626878911206,0.00808350966203977,0.008020433708804424,0.00826403739026506,0.06999147024609409,0.08516123699919415,0.0014873599777276633,0.0012104057922575355,0.1599497422404796,0.16829244331954968,0.0067117889319102345,0.0016073492910661613,0.0010871539296137614,0.0005368706134571459,0.0008584129727660509,0.0009910899778472902,0.0007471237909082902,0.0007137732868987982
130003D1,0.011284070530515892,0.005917539428814618,0.008794745410590018,0.007224734183795351,0.005291129962201554,0.0064953731613269,0.008282162664183263,0.008722969325873938,0.010650410954335549,0.009777497762434934,0.014447293334720519,0.015685974554290452,0.01099587867521648,0.010163203591414276,0.00972058440233178,0.011501211312055951,0.007560414256760455,0.0072595347097183,0.007452025118729606,0.007686928668709506,0.007914582109122123,0.007967870414441637,0.008092934804477233,0.00803420891698226,0.00788920672563664,0.008433689954139432,0.008516341203206433,0.008439127536314893,0.06104048497432917,0.06155198020430084,0.0006485223007932707,0.00042920648638302555,0.11984793620193585,0.13158151352562314,0.005722511481454764,0.00163054964168146,0.0019593421105576453,0.0013071947549807346,0.00033278002913819036,0.000303779590869067,0.00034546772088093184,0.0003139297442632602
130004D1,0.012299810880891935,0.00833472595854605,0.012585102692364441,0.01087552685639962,0.009489668412613884,0.010826588616820471,0.011886554635556929,0.013003434014396542,0.01442590551149704,0.016309846482554968,0.020429721244162303,0.0217655539319338,0.015435120763262538,0.01331265118744107,0.014614408360246344,0.0141047256576665,0.012029019288554,0.011703126863504727,0.011499398784664131,0.011058592122973459,0.011042279376447077,0.011298208244172091,0.011079254935240208,0.011624825680178093,0.011730314774382028,0.01126667026755442,0.010913227426149478,0.010781275432024966,0.05474158978227559,0.06026943582184885,0.003886421233540892,0.003791082292731149,0.11915808827660908,0.1330076100775073,0.006716501503128965,0.0025223131184570033,0.0018636406642695386,0.00177047675632998,0.0018995287066275789,0.002163432694876601,0.0027242286699057736,0.0021844580126217155
130005D1,0.017885657797003456,0.009920324920910368,0.014240302706574653,0.012789918287640123,0.009297903014559308,0.011764390289348248,0.01355480484698825,0.015366607227851731,0.0155826604929567,0.01675681573737783,0.0222846617769511,0.026489362820495625,0.01941144335543771,0.016348634568739917,0.01710409598565058,0.017574990602045475,0.015396332677077582,0.015442008367351453,0.015254955540515609,0.015080590405422502,0.014869974722492994,0.015156716555878953,0.015108140821778169,0.015060290098634115,0.015236830266597404,0.014876499821103548,0.014572357724756116,0.015007001793314604,0.2564628382946437,0.25602203163295306,0.0023287351930106038,0.0012810943605385235,0.2550012162058799,0.2601665567670892,0.013578367703081913,0.0029493445719698443,0.0020369182829275507,0.000565508546247905,0.0008990135863428236,0.0009838398682800091,0.0008837883562515337,0.000798962074314348
130006D1,0.004739396624131482,0.0034271267924536513,0.0054259820001529785,0.004362753432111243,0.003349188114605382,0.00407637410420365,0.004586056806783492,0.0049993130521185005,0.005302367632030839,0.005975540305352865,0.007920382196775948,0.008749794731272877,0.006569686784391529,0.005722511481454764,0.005787762467560291,0.006202831240287119,0.004781447259621711,0.00464768273810538,0.004851773322424335,0.004713296229689272,0.004915211781138042,0.004881136266171823,0.004778547215794799,0.004918836835921683,0.0048796862442583655,0.0048430731909435976,0.005007288172642509,0.004971762635762833,0.2857956940874269,0.2413333096496421,0.0021308072018238373,0.0008025871290979885,0.30186773697617497,0.2660482081535457,0.014024611946948049,0.002881918552994132,0.0020180679980526207,0.0005792837544257388,0.00021097818840787232,0.00021025317745114423,0.00021822829797515315,0.0001881403432709377
130007D1,0.002285234535606919,0.0028924312118666896,0.004227538888681455,0.003380001080266325,0.003391963761052339,0.0036845056820921204,0.0038142826433464477,0.004118062234215515,0.004311277654183549,0.004977925228895022,0.006501173248980726,0.006560986652910792,0.0049532748563662675,0.00460454458618006,0.004909049188005854,0.005070364125877852,0.0037106060765343322,0.0037037184724454148,0.003852708224053036,0.0037069810217506905,0.0036283173329456947,0.0037037184724454148,0.0036584052876499095,0.003650430167125901,0.003757006777764929,0.003581191620758369,0.0035333408976143147,0.0037388815038467272,0.07987336958629787,0.09015148741435357,0.1879659781358446,0.1951493866951064,0.0019995802186560546,0.0021761203866193426,0.005109514717541169,0.0012002556388633426,0.0008819758288597136,0.00020409058431895556,0.0011382672020630912,0.0012455688236588474,0.0005412206791975143,0.0005075076697096585
130008D1,0.07777265033917825,0.07922412227454788,0.0847545058524697,0.10841560093076906,0.11080378702223136,0.10270577714105704,0.0963488810724652,0.09438228885234028,0.08061179324572543,0.07450357593529132,0.07557079206359506,0.08353721245612325,0.08979768206747024,0.08989447103019345,0.08977339420041985,0.08420313501987799,0.08259723575072528,0.08206290267561668,0.08051210423917532,0.08452286485179507,0.0814872439759746,0.08179537363258403,0.08266393675874427,0.08075353288776578,0.0810254119965388,0.08085793446553463,0.07941298762877554,0.07950180147097473,0.002093831643030705,0.002263121701426713,0.004512105689197228,0.004927899472880784,0.00039766850976535385,0.0003918684221115292,0.0019731173187354798,0.0006372846309639856,0.0007964245359657997,0.0009051761794750123,0.14094466752628798,0.1386873459125151,0.0013213324686369324,0.0009233014533932144
130009D1,0.05779497342653591,0.07018142311675685,0.059721690044040786,0.06015560910164255,0.07849983632877652,0.08005824738026353,0.07072626885073799,0.06301577732593484,0.05307225205440917,0.04789204876858701,0.04898319025846278,0.054470798189937636,0.059368609708114216,0.06031329898473091,0.059220344967463326,0.05423045705778229,0.06158605571926705,0.0616400690355433,0.0616310063985842,0.06204426264391921,0.06230454157738459,0.0619808241852055,0.06233100447730516,0.06221319019683685,0.06275296085412091,0.06261122121208057,0.06188476023343902,0.061932610956583076,0.00046110696847906113,0.0004299314973397536,0.0006082841926948621,0.0005622459969426288,0.00037990574132551583,0.00035344284140494066,0.0014561845065883556,0.0007732241853505012,0.0006666475747114728,0.00045711940821705665,0.0012872569536707126,0.0017164634400537381,0.12791477061197087,0.11361646702885796
130010D1,0.0023113349300491305,0.0029109189912632553,0.004259076865299127,0.0033829011240932376,0.0033158376105958897,0.0036228797507702336,0.0038135576323897204,0.0041840382312777705,0.004321427807577743,0.00503955116021691,0.006554824059778604,0.006547573950211323,0.0050004005685535926,0.0045382060836394395,0.004915936792094771,0.005019613358906887,0.0036816056382652077,0.0036859557040055772,0.003854520751444856,0.003629404849380785,0.003657317771214817,0.003721843746363617,0.0035601663030132547,0.0036014919275467547,0.003768969458550943,0.003634117420599519,0.0035797415988449125,0.0036816056382652077,0.07973561750451952,0.0901217619651277,0.1879239275003544,0.19528097618375256,0.0019513669900336366,0.00216597023322515,0.005060576477962023,0.0011556674650245653,0.0008950260260808193,0.00022620341849916207,0.0011230419719718014,0.001257531504444861,0.0005404956682407864,0.0004926449450967327
130011D1,0.0021960581879293646,0.002578501467603429,0.003256024206665823,0.002719153593208677,0.0025643637539472315,0.003118272124887488,0.003432201869150748,0.003518840678479753,0.004117337223258787,0.004296414929570623,0.005535096149140554,0.006151717967837789,0.004574094125997479,0.00395094720868969,0.004186575769626318,0.004683208274985056,0.002923244177527633,0.0029007688378690625,0.0029402819350107428,0.0029649323075394978,0.0030943467633154607,0.0031037719057529253,0.0031284222782816807,0.003198023330127577,0.003235723899877437,0.0032473240751850862,0.0031646728261180853,0.0034648273622035113,0.03890155039968042,0.041404650727784126,0.1922069297272255,0.1918842998514815,0.0024784499555749536,0.002702840846682296,0.005853013453665818,0.0021119569169489073,0.004892011430522744,0.003700818428618503,0.0005774712270339184,0.0006042966324328576,0.0006376471364423495,0.0005481082832864312
130012D1,0.004207238581893069,0.0033763760254826853,0.003971610020956442,0.003933184440249853,0.003625417289118782,0.004504855579629947,0.004553431313730729,0.00468900836263888,0.0051910784501730785,0.005748611875896975,0.007075744432187731,0.008337988507851325,0.006381546441120592,0.005344780772999432,0.005713448844495662,0.005260679502018974,0.004344990663671404,0.004114437179431874,0.0041387250464822644,0.004149600210833186,0.004259439370777491,0.004173163066926849,0.00423768904207565,0.00427538961182551,0.004239139063989104,0.0043399155869743074,0.004230438932508368,0.004316715236359009,0.03922671781377296,0.04090801822242539,0.14223917458952598,0.13144956153149864,0.0012945070632379933,0.0013514204233411476,0.003138209926197509,0.0007409611977761013,0.0005760212051204624,0.00018669032135748152,0.0011469673335438282,0.0012647816140121415,0.0007362486265573687,0.0006709976404518412
130013D1,0.08308118056434127,0.09138001848052928,0.07647850578141863,0.08032541391781782,0.12085098886056915,0.12537469472507404,0.1140859116233394,0.10403182218091273,0.07919439682532202,0.07173294656415495,0.07393552985069488,0.08228403101741875,0.08825920881729325,0.08895558184123058,0.08936847558108722,0.08126865317252106,0.0873685328569528,0.0891226968667564,0.0868251371448851,0.09009602407616384,0.08841726120585998,0.08769297526008862,0.08832409729792041,0.08757479847414194,0.08824833365294232,0.08721918059986683,0.08702089010320169,0.08721374301769136,0.0006898479253267715,0.0005705836229450017,0.0007271859895982678,0.000721023396466079,0.0005742086777286423,0.000572396150336822,0.003688855747832489,0.001527598085826072,0.0014786598462469265,0.0014543719791965356,0.11922478928462807,0.12218573403190555,0.1234787910732301,0.12343710294321825
120018B1,0.008395808131650391,0.0065513802577341455,0.007619865155212158,0.006017590940843093,0.003936084484076766,0.004627201178577811,0.005350943366131621,0.006266813457218372,0.008233043171864934,0.010214498116602787,0.010143084537365073,0.00809982240856615,0.007487731908348466,0.007283822576768691,0.007849512375755778,0.008597723683099159,0.0071727146476501125,0.007245578248801284,0.007487006897391736,0.00718775862500222,0.007783173873215159,0.007880144088677541,0.0075105697534854,0.00785948127641079,0.007436437383159953,0.007835193409360399,0.008190811283635524,0.008137341725576827,0.0001865090686182995,0.00015714612487081208,0.00031882356822117474,0.0003351363147475566,0.000130139466732691,0.00012107682977358997,0.004309827632270093,0.004214851196938714,0.003426220528757741,0.005076889224488405,0.0002929044265181457,0.0003351363147475566,0.0003351363147475566,0.0002639039882490224
120019B1,0.005086858125143415,0.004622851112837442,0.005733024140327321,0.004384322508073904,0.0027117222309022146,0.0034753400210760683,0.004560500170558828,0.005224247701443388,0.006732632996916166,0.008114866385918258,0.007964607865136362,0.0063195580043203395,0.005760574556682988,0.005734655414979959,0.0056877109555318155,0.006504798303764365,0.004399185232686829,0.004342634378062039,0.004685020802376876,0.004423110594258857,0.004764590754877784,0.004940043406405979,0.00451681826041596,0.004903611605830393,0.004769303326096516,0.00478416605070944,0.005028857248605171,0.005238929173317132,0.0011429797732818235,0.0011563924759812932,0.00016639001456909518,0.00016058992691527052,0.0011473298390221925,0.0010188216469421394,0.00026752904303266285,0.00018234025561711303,0.00015913990500181433,0.0001310457304286011,0.0011826741231626865,0.0013008509091093636,0.0008966573007334574,0.0007705053942627708
120020B1,0.01172070837920538,0.008799095476330386,0.01067669260151694,0.008586123507791511,0.005318136620339675,0.006300888972184593,0.007681309833794863,0.009582288562335898,0.012500457663166436,0.01585073329420691,0.015788926110145842,0.012512782849430812,0.011021979069658691,0.010888214548142358,0.011756777674302605,0.01247943234542132,0.011764390289348248,0.01138140325145664,0.011891267206775665,0.011218094533453637,0.011634975833572285,0.01164349471231384,0.011313795979741744,0.011503023839447771,0.01150900517984078,0.01144266667730016,0.011533293046891172,0.011512086476406877,0.00018016522274692882,0.00021478449593069474,0.000624415686482062,0.0006398221693125338,0.00028438554777659075,0.00028130425121049643,5.836338201661072e-05,2.7006658138121108e-05,2.265659239775261e-05,1.975654857084028e-05,0.0002073531336242319,0.00025049128554955285,0.0002325472643705328,0.00020970941923359818
110001T1,0.044090816322461666,0.07363211276530418,0.06203991257817884,0.06523322333708767,0.09318565826826057,0.09193102680764263,0.0769222124869362,0.06741550631683921,0.055290423076518734,0.0510799219453204,0.05109478466993332,0.057373742060676886,0.06311184127770131,0.06227191608433182,0.0623114291814735,0.05550176377040498,0.07188519886506785,0.07374376445264029,0.07207696426312242,0.07177753473799373,0.07182357293374596,0.0719975755633607,0.07312315507368106,0.07072445632334619,0.07048665272953937,0.07053414094720506,0.07078825728753826,0.07035578825184996,0.0004310190137748457,0.0002958044703450581,0.0005531833599835277,0.00048756986839963625,0.000329517479832914,0.00034184266609729134,0.0026288897290960307,0.0007569114388241193,0.0010248029873351464,0.0008225249304080108,0.12377785809288044,0.12675076552094394,0.13322402584809062,0.14734941431802387
110002T1,0.07006723389107218,0.07616022597141499,0.06874590142243525,0.07058851676895968,0.06592995886650338,0.052139887964056865,0.0461451348683507,0.04541939890066589,0.04221593798836285,0.03977446359158103,0.04054152518379934,0.045773929258505916,0.050993283135991385,0.052162363303715424,0.05020700875341979,0.04527439670932027,0.06107963556599249,0.062402055551064525,0.05999320664733545,0.06101329706345188,0.0587628630537679,0.0585743602050186,0.05961257589505321,0.058093677940707876,0.05942516056273901,0.058348881797476174,0.05728311569108587,0.057199376925583786,0.000424856420642657,0.00030812965660943553,0.00038461831254424833,0.0003226298757439972,0.00038244327967406407,0.00041796881655374016,0.002628527223617667,0.0009501268587921537,0.001084616391265213,0.0009827523518449173,0.11195039185029684,0.11428710216383145,0.12049500848081568,0.1181336477947523
110003T1,0.0881790951065748,0.08657609588124901,0.07867093891456435,0.08235435708022137,0.10292255541711874,0.08384570461821103,0.07433392337141695,0.07127111458471916,0.062068913016447964,0.057996888977984676,0.060850532103666415,0.06754419576165845,0.07527933765899038,0.07578539530678657,0.07423097181556157,0.06659660644121485,0.08024783774544793,0.08152023197450571,0.08031236372059672,0.08124799036025432,0.0798005059851467,0.07971314216486097,0.08028263827137087,0.07845126059467572,0.08005897239122026,0.07716509115744012,0.0764625555403706,0.07702697657018341,0.0017277011098830231,0.0015279605913044358,0.0005408581737191504,0.0004542193643901444,0.0015678361939244804,0.0015112853392996901,0.003827332840567553,0.0014605345723287242,0.0015526109638331908,0.0013173449083749278,0.15315276452115384,0.15617787273810174,0.13723007388949165,0.13330957714098454
110004T1,0.08159889566331073,0.11825001205330715,0.12907841319751945,0.14980575143941866,0.12887178507485195,0.10063007077194454,0.08614471436199579,0.08319464477906922,0.07383982840440677,0.06996863240095716,0.07155858142906185,0.08095834848304145,0.08866122739279897,0.09022870108124507,0.08876309143221926,0.07598622334180025,0.10245746088837768,0.10397019624959082,0.10090883748480647,0.10334559931036956,0.1001899891212106,0.099915572474089,0.10163276092509947,0.09965130598036163,0.10161971072787836,0.09881536834725414,0.0971826436727025,0.0974378475294708,0.00048648235196454404,0.0003523553249698486,0.003428214308888743,0.0035844541700636454,0.0006307595323534328,0.0006651975527980166,0.003203460912303037,0.0011371796856279991,0.0013960085971799249,0.0011589300143298414,0.15571024067101213,0.1509320559606957,0.1422420746333529,0.16297303793003573
110005T1,0.034043614484123894,0.03580829115280005,0.033400892270984445,0.0274413022066796,0.032757445046888274,0.037666856740372484,0.047106136891493774,0.03892003817907698,0.0352482201887276,0.028853623550385905,0.031017056245262506,0.029529333762056482,0.0337391098822981,0.03675624297872202,0.030599812439665492,0.039809989128460704,0.02232997496174661,0.02222956094423977,0.02414032732069664,0.02482582518028304,0.027610954770553968,0.02730608766324981,0.026556788839471338,0.02746414005181653,0.024989315151025215,0.02803544868571826,0.031878731767333836,0.030211206566859237,0.001641424806032381,0.0015863239733210467,0.00032480490861418144,0.00026571651564084257,0.002399423761291593,0.0021039817964248987,0.0020496059746702927,0.0008613130165929633,0.0008961135425159113,0.0007891744263985188,0.06303136506150449,0.0556739538726279,0.0597488779549181,0.06313467912283824
110006T1,0.00969085895310593,0.005550683884710208,0.005195791021391811,0.0050986395531902465,0.004282277215914425,0.005493770524607053,0.006216606448464952,0.007104019859500127,0.007682941108447501,0.008187548734330247,0.0073951117586264535,0.007015206017300936,0.006848090991775114,0.006797702730282512,0.007204433877006966,0.007162020736038373,0.007730066820634826,0.007764504841079411,0.007984908171924748,0.007464350304993985,0.00739837430793173,0.0073646612984438736,0.007151508077165815,0.007314635542429634,0.007558601729368635,0.007231984293362633,0.006970980348940523,0.007273672423374499,0.0009327265958306796,0.0010345906352509752,0.0019017037394977632,0.002059393622586121,0.0012441188017453914,0.0012288935716541017,0.040652814365657104,0.04176606868971308,0.2866058938315705,0.19062350579773135,0.0007855493716148785,0.0007094232211584298,0.0006916604527185918,0.0005020700875341978
110007T1,0.005566996631236589,0.004390666353945274,0.005603972190029722,0.00503338856708472,0.005325567982646138,0.0064884855572379845,0.006883979034133153,0.008050884168987004,0.009276152685857466,0.009984850896059166,0.00931602828847751,0.008026958807414978,0.007159845703168189,0.00710438236497849,0.007702153898800796,0.008027321312893342,0.006884704045089882,0.006816915520635806,0.006847365980818385,0.0067107014154751425,0.006454772547750128,0.006500085732545633,0.006554099048821875,0.0066432753964994285,0.006707076360691501,0.006478697909322154,0.0063793714082504074,0.006419247010870452,8.6638809329006e-05,9.606395176647109e-05,0.0009185888821744818,0.0009149638273908416,8.881384219919023e-05,0.00013340201603796736,0.10086171177261916,0.10200142899659573,0.009633945593002777,0.006009978325797449,0.0001544273337830818,0.00015333981734798967,0.000156239861174902,0.0001257894009923225
110008T1,0.003910709100591283,0.003705530999837235,0.004463167449618082,0.0043602158937626955,0.003849083169269396,0.004605994608093515,0.005052601357438014,0.005898689143939689,0.006874191386217325,0.007309922971210902,0.007259897215196666,0.00659034959665828,0.005800812664781396,0.0055002956232176065,0.005988953008052334,0.0060712417516409715,0.004782172270578439,0.004936599604361521,0.004765134513095329,0.004748459261090583,0.004650220276453928,0.004674870648982683,0.004632095002535726,0.004703871087251807,0.0048325605320710405,0.004627744936795357,0.004491442876930478,0.004569019049300383,0.0013075572604590987,0.0015348481953933527,9.461392985301492e-05,9.461392985301492e-05,0.0015239730310424315,0.0011940930457311535,0.14007175433438734,0.16543662516099775,0.12704113240911352,0.09600486337349773,0.0007782992620475978,0.0008265124906700152,0.0007492988237784744,0.0006021215995626733
110009T1,0.009568332101418884,0.007547001554060986,0.007523801203445686,0.0068560661122991215,0.00716709581273547,0.008450002700665812,0.009102512561721088,0.010281380377360951,0.010007326235717736,0.008784957762674189,0.008163985878236584,0.008863621451479186,0.008293037828534184,0.007895006813290466,0.008763569939450709,0.007955907733655624,0.00859319236461961,0.00825171220400068,0.008063934366208109,0.008061396827859559,0.007927269800864866,0.008032396389590437,0.00791603213103558,0.008266574928613608,0.008334363453067685,0.007999045885580945,0.007842081013449315,0.007848606112059871,0.002057218589715937,0.0017813519206809011,0.002616202037353289,0.0026049643675240047,0.0016972506497004436,0.0017349512194503038,0.10416087413121032,0.10471877006241256,0.09226235681486736,0.07298540299190273,0.0023040848204818496,0.002435311803649633,0.001875603345055552,0.001535573206350081
110010T1,0.0070478315103537,0.004518630787807781,0.0046679830448937655,0.004600557025918054,0.003731268888801082,0.004853948355294521,0.005560109027147673,0.006431572197134829,0.007524526214402415,0.00789899437355247,0.007340010925915119,0.006606662343184661,0.006203918756722211,0.006107129793999012,0.006493923139413446,0.0070155685227793006,0.005195428515913447,0.0051468527818126645,0.005315780334730309,0.005100814586060432,0.005485795404083044,0.005521683446441084,0.0053629060469176345,0.005556483972364032,0.005313605301860125,0.005488332942431592,0.005609409772205183,0.005667410648743429,0.0005017075820558339,0.000433919057601758,0.0007329860772520925,0.0008431877426747612,0.0008468127974584017,0.0006492473117499987,0.4979411501356314,0.5371925183219332,0.43767171431378254,0.5917669930786829,0.0008014996126628963,0.0008109247551003613,0.0007105107375935219,0.0006057466543463138
120021B1,0.0003316925127030982,0.0002961669758234221,0.00024759124172264046,0.0002323660116313508,0.0002153282541482408,0.00023599106641499122,0.00020155304597040726,0.0002631789772922943,0.0002994295251286985,0.0003755556755851473,0.00034220517157565537,0.00035634288523185304,0.0002682540539893909,0.00022547840754243398,0.00030269207443397485,0.00023671607737171934,0.00028492930599413683,0.0002653540101624786,0.0002562913732033776,0.0002649915046841145,0.00024251616502554395,0.0002537538348548293,0.00026680403207593467,0.0002845668005157728,0.0002595539225086539,0.00026245396633556626,0.00024686623076591245,0.00025846640607356177,0.0010900539734406737,0.0012716692181010585,0.00010693911611739233,0.00011310170924958104,0.0012564439880097687,0.0010480033379504448,0.001648674915599662,0.0014540094737181715,0.0011560299705029294,0.0008297750399752918,4.966325053587373e-05,5.908839297333881e-05,9.751397367992724e-05,7.068856828098813e-05
1100011T1,0.083963156393201,0.06123950048195104,0.04709018665044575,0.03954173507447131,0.04071625282437081,0.047082211529921744,0.0649044308682115,0.04979339000260642,0.05976845325074975,0.03862169617038338,0.0483176302001864,0.04600448274274545,0.04873886156604542,0.056837233952698116,0.042987712151799896,0.07074004405891585,0.0389501261337812,0.0386003083471599,0.040828992028142025,0.044125254342906255,0.04737692848383171,0.043678285088083385,0.046367350726587854,0.04665300504353872,0.0428949107493387,0.05260099493253592,0.056448265574413486,0.05320819160879569,0.0007663365812615843,0.0005814587872959231,0.0009276515191335831,0.0008188998756243704,0.0006554099048821875,0.0005702211174666377,0.0035427660400517797,0.0017726517892001645,0.0022565966028161603,0.0019365042654207114,0.1021094556291482,0.10148594620636203,0.12570747475421226,0.11227628427534612
